0;28801;-2.4420857;4.232949;8.829816
0;28853;-2.432509;4.2521024;8.801085
0;28904;-2.432509;4.223372;8.839393
0;28953;-2.384625;4.2521024;8.848969
0;29003;-2.4420857;4.2042184;8.810662
0;29053;-2.327164;4.1659107;8.868123
0;29103;-2.3942018;4.1371803;8.916007
0;29153;-2.4420857;4.280833;8.90643
0;29203;-2.2888567;4.10845;8.983045
0;29253;-2.4133554;4.185065;8.90643
0;29303;-2.4229321;4.2042184;8.810662
0;29353;-2.3463178;4.1371803;8.935161
0;29404;-2.4899697;4.1946416;8.858546
0;29453;-2.2984335;4.175488;8.887277
0;29503;-2.4133554;4.175488;8.8777
0;29553;-2.4516625;4.146757;8.90643
0;29604;-2.3558946;4.146757;8.887277
0;29654;-2.4037786;4.156334;8.935161
0;29704;-2.384625;4.2042184;8.983045
0;29753;-2.2697031;4.1659107;8.839393
0;29804;-2.327164;4.1659107;8.896853
0;29853;-2.4708161;4.2521024;9.021352
0;29903;-2.336741;4.185065;8.983045
0;29953;-2.5474305;4.4723687;8.839393
0;30003;-2.9496565;4.3382936;8.935161
0;30053;-2.2026656;3.9264908;9.155427
0;30103;-2.4516625;6.5026517;7.9870567
0;30153;-2.0398598;6.4547677;7.9391727
0;30203;-1.5897499;5.583278;8.2169
0;30253;-1.6376339;5.209783;8.781932
0;30303;-1.6950948;3.7828386;9.097966
0;30353;-1.8004397;3.1794999;9.002198
0;30403;-2.183512;3.323152;8.90643
0;30453;-2.327164;4.2042184;8.839393
0;30503;-2.2409728;4.2521024;8.485051
0;30553;-2.432509;4.5872903;8.39886
0;30604;-2.2601264;4.357447;8.197746
0;30653;-3.1411927;5.1523223;10.486604
0;30703;-2.96881;4.644751;8.542512
0;30754;-3.1411927;4.462792;8.552089
0;30814;-2.9879637;4.7500963;8.724471
0;30912;-2.231396;4.5202527;8.7532015
0;30913;-2.7006595;4.2904096;8.829816
0;30950;-2.3080103;4.261679;9.059659
0;31000;-2.633622;4.31914;8.935161
0;31055;-2.4516625;4.3287168;8.724471
0;31099;-2.5378537;4.309563;8.724471
0;31149;-2.3558946;4.232949;8.916007
0;31201;-2.2888567;4.2425256;8.954314
0;31261;-2.4229321;4.2042184;8.8777
0;31303;-2.3942018;4.185065;8.887277
0;31354;-2.4037786;4.175488;8.916007
0;31403;-2.3654714;4.1946416;8.916007
0;31453;-2.4229321;4.175488;8.887277
0;31503;-2.384625;4.1659107;8.90643
0;31553;-2.336741;4.156334;8.887277
0;31603;-2.2505496;4.1371803;8.896853
0;31653;-2.585738;4.223372;8.8777
0;31703;-2.566584;4.223372;8.848969
0;31754;-2.480393;4.213795;8.896853
0;31803;-2.4995465;4.2042184;8.896853
0;31853;-2.3558946;4.232949;8.896853
0;31903;-2.3750482;4.1659107;8.887277
0;31953;-2.4899697;4.213795;8.8777
0;32003;-2.6048915;4.2425256;8.896853
0;32053;-2.4612393;4.156334;8.963891
0;32103;-2.3654714;4.357447;8.983045
0;32153;-2.2984335;4.4915223;9.030929
0;32203;-2.6431987;5.592855;8.274361
0;32253;-2.3175871;5.1523223;7.8625584
0;32303;-3.9935284;4.357447;8.054094
0;32353;-3.7732618;4.903325;8.322245
0;32403;-3.265691;4.9703627;8.226477
0;32451;-3.4476504;3.6391866;8.762778
0;32503;-2.4612393;1.9919758;9.212888
0;32552;-2.1547816;2.3654714;9.155427
0;32603;-2.27928;4.5777135;8.542512
0;32653;-2.231396;5.6790466;8.513782
0;32703;-2.327164;7.690176;8.236053
0;32753;0;9.375694;7.3071036
0;32803;-1.9728222;3.217807;8.791509
0;32853;-4.6351743;3.5051112;8.963891
0;32903;-2.1068976;4.175488;9.32781
0;32954;-1.5610195;4.10845;9.136273
0;33002;-2.4229321;4.4819455;8.6574335
0;33054;-2.4133554;4.5872903;8.66701
0;33103;-2.0111294;4.673482;8.973468
0;33153;-2.0685902;4.510676;8.734048
0;33203;-2.72939;4.462792;8.676587
0;33253;-2.585738;4.2042184;8.925584
0;33303;-2.135628;4.060566;9.059659
0;33353;-2.2505496;4.0701427;9.002198
0;33403;-2.480393;4.414908;8.714894
0;33453;-2.4612393;4.501099;8.695741
0;33503;-2.3175871;4.3861775;8.858546
0;33553;-2.3654714;4.2999864;8.829816
0;33603;-2.719813;4.271256;8.810662
0;33653;-2.3654714;4.414908;8.829816
0;33703;-2.432509;4.4819455;8.839393
0;33753;-2.834735;4.1276035;9.107543
0;33803;-2.7389667;4.232949;9.270349
0;33852;-2.087744;4.5394063;9.040505
0;33902;-2.5953147;4.960786;8.475474
0;33951;-2.7485435;5.2289367;8.2169
0;34003;-2.9400797;5.449203;8.599973
0;34053;-2.9017725;5.899313;8.101978
0;34103;-3.2369606;7.153875;7.422025
0;34153;-2.2984335;2.8538885;9.56723
0;34203;-2.384625;1.8770541;8.848969
0;34253;-3.265691;2.5761611;9.078813
0;34303;-2.8634653;3.1411927;9.088389
0;34353;-2.7102363;4.9320555;9.433155
0;34403;-2.9113493;5.171476;8.619126
0;34454;-3.3423057;6.081272;8.90643
0;34503;-3.0071173;6.2249246;7.8529816
0;34553;-2.5474305;5.8226986;7.029376
0;34603;-2.0973208;7.632715;7.575254
0;34653;-2.2984335;6.253655;7.038953
0;34703;-2.0685902;5.21936;6.4068837
0;34753;-1.5993267;12.248735;6.8665705
0;34803;-4.414908;7.6710224;8.130709
0;34853;-2.5187001;3.074155;9.32781
0;34903;-0.842759;4.9320555;9.107543
0;34953;-2.834735;3.9935284;9.021352
0;35003;-2.27928;4.2521024;8.944737
0;35053;-2.135628;4.0414124;9.050082
0;35103;-1.8770541;4.1276035;9.107543
0;35153;-2.0590134;4.175488;9.088389
0;35203;-2.2601264;4.405331;8.772355
0;35253;-2.0207062;4.3766007;8.983045
0;35303;-2.2218192;4.261679;8.868123
0;35353;-2.0398598;4.271256;8.90643
0;35403;-2.2601264;4.3957543;8.858546
0;35453;-2.2409728;4.223372;8.896853
0;35503;-2.1643584;4.232949;8.935161
0;35553;-2.1260512;4.1946416;8.963891
0;35603;-2.087744;4.2999864;8.916007
0;35653;-2.1068976;4.185065;8.887277
0;35703;-2.2505496;4.223372;8.887277
0;35753;-2.5091233;4.232949;9.107543
0;35803;-2.528277;4.0701427;9.174581
0;35853;-2.1547816;3.9743748;9.433155
0;35910;-2.087744;4.3478703;9.155427
0;35951;-2.6144683;4.5394063;9.11712
0;36004;-2.8060043;4.6830587;9.270349
0;36057;-2.777274;5.3438582;9.069236
0;36105;-2.920926;6.4643445;8.341399
0;36153;-3.2944214;5.497087;8.360553
0;36201;-2.5378537;2.6048915;9.14585
0;36251;-2.8060043;2.4899697;7.9583263
0;36301;-2.7581203;3.8594532;8.303091
0;36351;-2.8443117;4.55856;8.542512
0;36403;-3.2273839;6.291962;8.283937
0;36451;-3.1986535;6.943185;7.8912888
0;36501;-2.231396;8.408437;7.3549876
0;36553;-1.6184803;8.015787;7.249643
0;36603;-2.2888567;6.2632318;6.646304
0;36653;-3.0358477;7.4124484;7.517793
0;36703;-3.5242648;7.4507556;7.9104424
0;36753;-2.336741;3.0262709;9.385271
0;36803;-3.7924154;3.3423057;9.14585
0;36853;-2.1164744;3.8594532;9.270349
0;36903;-2.0207062;4.3382936;9.011775
0;36953;-2.3750482;4.098873;8.90643
0;37003;-2.4229321;4.0318356;8.90643
0;37053;-2.4420857;3.9456444;9.059659
0;37103;-2.1260512;4.156334;8.973468
0;37153;-2.3175871;4.060566;8.973468
0;37203;-2.1068976;4.213795;8.916007
0;37254;-2.2409728;4.185065;8.944737
0;37303;-1.9153614;4.232949;9.040505
0;37353;-2.2984335;4.185065;8.954314
0;37403;-2.2122424;4.3382936;8.801085
0;37453;-2.1930888;4.1276035;8.963891
0;37503;-2.2697031;3.9552212;9.030929
0;37553;-2.0973208;4.0892963;8.983045
0;37603;-2.2697031;4.003105;9.030929
0;37653;-2.3654714;4.1946416;8.925584
0;37703;-2.1547816;4.0414124;9.040505
0;37753;-2.3463178;4.0701427;8.954314
0;37803;-2.336741;4.003105;8.992621
0;37853;-2.4229321;4.0701427;9.011775
0;37903;-2.5570073;4.012682;8.983045
0;37953;-2.135628;4.012682;9.050082
0;38003;-2.27928;4.0414124;9.107543
0;38053;-2.1930888;4.175488;9.030929
0;38103;-2.815581;3.7732618;9.490616
0;38153;-2.7389667;4.156334;9.615114
0;38203;-2.72939;4.9224787;9.222465
0;38253;-2.681506;5.363012;8.7532015
0;38303;-3.7828386;4.2042184;9.414001
0;38353;-2.27928;1.7238252;9.471462
0;38403;-3.9360676;1.934515;8.312668
0;38461;-3.715801;3.1794999;8.1881695
0;38501;-3.0071173;4.9224787;8.647857
0;38553;-2.777274;6.5122285;8.446744
0;38603;-3.1316159;6.3206925;7.9870567
0;38653;-2.5187001;6.0716953;7.795521
0;38703;-1.9057846;6.742072;7.7572136
0;38753;-1.2545617;6.1100025;7.0964136
0;38804;-2.1260512;6.943185;7.833828
0;38853;-2.087744;12.392388;7.192182
0;38903;-2.633622;1.8004397;9.77792
0;38953;-4.3766007;3.0358477;8.935161
0;39003;-1.5610195;4.0318356;9.471462
0;39053;-1.8387469;3.6966474;9.3182335
0;39103;-2.6719291;4.280833;8.781932
0;39153;-1.7142484;4.175488;9.193734
0;39203;-1.8962077;4.2425256;9.088389
0;39253;-2.566584;4.367024;8.695741
0;39303;-2.1930888;4.232949;8.829816
0;39353;-1.9536686;4.367024;8.944737
0;39403;-2.1068976;4.232949;9.011775
0;39453;-2.1739352;4.223372;8.992621
0;39503;-2.231396;4.271256;8.820239
0;39554;-2.1643584;4.3766007;8.848969
0;39604;-2.0494366;4.1659107;8.925584
0;39653;-2.0015526;4.10845;9.107543
0;39703;-2.27928;4.232949;8.829816
0;39753;-2.2697031;4.156334;8.925584
0;39803;-2.2697031;4.146757;8.935161
0;39853;-2.2122424;4.213795;8.963891
0;39903;-2.3080103;4.156334;9.021352
0;39953;-2.72939;4.060566;9.375694
0;40003;-2.0207062;4.367024;9.174581
0;40053;-2.719813;4.405331;9.040505
0;40103;-2.4612393;4.7788267;8.896853
0;40153;-2.6240451;4.9703627;9.107543
0;40203;-2.7581203;5.8705826;8.791509
0;40253;-3.323152;7.019799;8.0924015
0;40302;-2.8921957;6.6271505;7.479486
0;40350;-2.8921957;2.1260512;8.992621
0;40400;-3.217807;1.5131354;7.680599
0;40454;-3.2561142;3.1411927;8.2169
0;40499;-2.8538885;4.367024;8.7532015
0;40550;-3.016694;5.7748146;9.14585
0;40601;-3.3135753;5.7748146;8.887277
0;40662;-3.3423057;6.751649;8.896853
0;40703;-1.733402;6.14831;7.240066
0;40754;-1.8579005;7.7667904;7.7093296
0;40804;-2.2697031;6.655881;7.1730285
0;40863;-1.8387469;6.2249246;6.493075
0;40900;-2.4899697;7.1155677;6.646304
0;40950;-3.7253778;8.303091;9.097966
0;41001;-1.5801731;2.4133554;9.787497
0;41051;-1.2066777;3.715801;9.481039
0;41103;-2.7868507;4.0701427;8.839393
0;41153;-2.3942018;4.10845;8.896853
0;41208;-2.078167;4.012682;9.069236
0;41253;-2.1164744;4.0797195;8.983045
0;41303;-2.1930888;3.9456444;9.059659
0;41353;-2.4229321;4.060566;8.992621
0;41403;-2.1164744;4.271256;9.088389
0;41453;-2.0685902;4.3287168;9.002198
0;41503;-2.1643584;4.1946416;8.896853
0;41553;-2.183512;4.185065;8.935161
0;41603;-2.1164744;4.175488;9.002198
0;41653;-2.1260512;4.2425256;8.944737
0;41703;-2.1068976;4.2042184;8.963891
0;41753;-2.1739352;4.185065;8.90643
0;41804;-2.2122424;4.185065;8.896853
0;41853;-1.9249382;4.098873;9.011775
0;41903;-2.528277;4.2042184;8.954314
0;41953;-2.327164;4.2425256;8.896853
0;42003;-2.5091233;4.414908;8.983045
0;42053;-3.064578;4.3382936;9.002198
0;42103;-1.685518;4.501099;8.762778
0;42153;-2.2218192;4.5777135;8.695741
0;42203;-2.920926;4.9703627;8.39886
0;42253;-2.566584;4.999093;8.379706
0;42302;-2.633622;5.1906295;8.293514
0;42351;-2.4995465;5.5258174;7.9966335
0;42403;-2.4995465;5.66947;7.881712
0;42453;-2.4708161;5.6407394;8.1402855
0;42503;-2.8060043;5.793968;8.513782
0;42553;-3.0262709;6.157887;8.542512
0;42603;-3.3423057;7.2304893;7.9487495
0;42653;-2.7389667;7.3071036;7.2783732
0;42703;-3.2561142;2.633622;9.375694
0;42753;-3.0933087;1.436521;8.034941
0;42803;-3.572149;3.3614593;8.561666
0;42853;-3.3806129;4.462792;8.628703
0;42903;-3.41892;5.267244;9.059659
0;42953;-3.3518825;5.583278;8.925584
0;43003;-3.2944214;5.7365074;8.734048
0;43053;-2.6240451;6.5601125;8.303091
0;43104;-2.3654714;6.5026517;7.8912888
0;43153;-2.7006595;8.130709;7.795521
0;43203;-1.4748282;7.2783732;6.531382
0;43253;-1.9440918;7.4986396;6.7612257
0;43303;-1.7717092;6.6367273;8.226477
0;43353;-5.6790466;5.4300494;10.563218
0;43403;-1.5610195;3.620033;9.672575
0;43453;-2.9496565;3.964798;9.059659
0;43503;-2.7485435;4.357447;8.791509
0;43553;-1.7238252;3.9743748;9.14585
0;43603;-2.0111294;4.213795;9.011775
0;43653;-2.0494366;4.0701427;8.963891
0;43703;-2.0111294;4.012682;8.983045
0;43753;-2.0973208;4.232949;8.963891
0;43803;-2.1068976;4.213795;8.935161
0;43853;-2.078167;4.0414124;8.896853
0;43903;-2.1739352;4.213795;9.002198
0;43953;-2.2601264;4.012682;9.030929
0;44003;-2.27928;4.156334;8.992621
0;44065;-2.3750482;4.1276035;8.954314
0;44102;-2.0590134;4.261679;8.829816
0;44151;-2.1547816;4.1180267;8.944737
0;44204;-2.1643584;4.1659107;8.954314
0;44253;-2.0398598;3.9935284;9.069236
0;44303;-2.030283;4.2042184;8.973468
0;44353;-2.183512;4.280833;8.868123
0;44403;-1.9728222;4.10845;9.011775
0;44453;-2.2122424;4.1946416;8.935161
0;44503;-2.3175871;4.185065;8.983045
0;44553;-2.1643584;4.2042184;9.030929
0;44603;-2.1643584;4.185065;9.059659
0;44653;-2.231396;4.4244847;8.935161
0;44703;-2.6240451;4.4436383;8.848969
0;44753;-2.4612393;4.5202527;8.887277
0;44803;-2.2984335;4.55856;8.762778
0;44853;-2.8634653;5.21936;8.178593
0;44903;-2.9400797;5.1235914;8.025364
0;44953;-2.7389667;5.45878;7.843405
0;45003;-2.6910827;5.6790466;7.9104424
0;45053;-2.6240451;5.631162;7.9583263
0;45103;-2.719813;5.7748146;7.8912888
0;45153;-2.825158;5.9184666;7.8529816
0;45203;-3.3901896;6.0142345;8.379706
0;45253;-3.2561142;6.2823853;8.475474
0;45303;-3.4476504;7.067683;8.149862
0;45353;-1.8100165;7.680599;6.0046577
0;45403;-2.9400797;8.571242;5.803545
0;45453;-1.9536686;4.462792;6.5984197
0;45503;-2.5570073;3.3518825;5.765238
0;45553;-4.10845;4.7788267;7.0485296
0;45603;-3.6391866;4.644751;6.5696893
0;45653;-3.6870706;5.803545;7.249643
0;45703;-3.8498764;6.6175733;7.6614456
0;45753;-4.10845;7.1251445;8.159439
0;45803;-3.2752678;7.565677;7.8050976
0;45853;-3.1316159;7.0102224;7.2687964
0;45903;-2.3463178;9.739613;7.019799
0;45953;-1.6184803;8.0924015;4.9320555
0;46003;-3.4476504;8.7053175;6.2728086
0;46054;-1.6950948;3.41892;9.902418
0;46103;-1.7525556;2.9496565;9.854534
0;46152;-1.5705963;4.0414124;9.299079
0;46206;-2.681506;4.271256;8.916007
0;46253;-2.4995465;4.1659107;8.868123
0;46303;-1.685518;4.003105;9.184157
0;46353;-2.0398598;4.156334;9.011775
0;46403;-2.2122424;4.0318356;8.954314
0;46454;-2.087744;4.0892963;9.011775
0;46503;-2.0111294;4.0892963;9.050082
0;46553;-2.0685902;4.1946416;8.954314
0;46604;-1.9440918;3.9552212;9.030929
0;46652;-1.9153614;4.0414124;8.954314
0;46702;-1.982399;4.10845;9.021352
0;46753;-1.934515;4.10845;8.983045
0;46803;-1.934515;4.050989;9.011775
0;46853;-2.3750482;4.1371803;9.030929
0;46903;-2.1547816;4.185065;8.992621
0;46953;-2.030283;4.060566;8.983045
0;47003;-2.0973208;4.146757;8.954314
0;47053;-2.0398598;4.060566;9.040505
0;47103;-1.9632454;4.175488;9.002198
0;47150;-2.1164744;4.1180267;9.040505
0;47199;-2.0685902;3.9743748;9.078813
0;47251;-1.9536686;4.0414124;9.030929
0;47301;-2.0685902;4.1371803;9.059659
0;47351;-1.934515;4.146757;9.040505
0;47405;-2.030283;4.1276035;9.069236
0;47454;-2.6623523;4.146757;9.232041
0;47503;-1.7238252;4.357447;8.935161
0;47553;-2.1068976;4.510676;8.810662
0;47603;-1.982399;4.548983;8.734048
0;47653;-2.2505496;4.7788267;8.676587
0;47703;-2.6623523;5.00867;8.360553
0;47753;-2.6240451;5.410896;8.178593
0;47804;-2.6527755;5.4204726;8.178593
0;47853;-2.9975405;5.9184666;8.389283
0;47903;-3.2752678;6.2249246;8.724471
0;47953;-3.1411927;6.8569937;8.226477
0;48003;-2.6527755;7.240066;7.9870567
0;48053;-3.8786068;7.4028716;8.1402855
0;48103;-3.3806129;4.367024;8.542512
0;48153;-2.7964275;3.016694;7.0006456
0;48203;-3.169923;4.0222588;7.2592196
0;48253;-3.41892;4.7500963;7.5848308
0;48303;-3.6774938;6.5218053;8.437167
0;48353;-3.6774938;6.943185;8.303091
0;48403;-3.6774938;7.785944;8.236053
0;48453;-3.0550013;7.920019;7.0964136
0;48503;-2.7389667;8.571242;7.0964136
0;48553;-1.8387469;8.015787;6.493075
0;48603;-1.7238252;7.73806;5.8322754
0;48653;1.685518;12.4785795;8.207323
0;48701;-2.6910827;-0.15322891;10.94629
0;48751;-1.1204864;5.410896;8.676587
0;48803;-1.8866309;4.5872903;8.868123
0;48853;-2.5378537;3.9456444;9.136273
0;48903;-2.4229321;4.0318356;9.030929
0;48953;-2.2697031;3.8977604;9.069236
0;49003;-1.9249382;4.1276035;8.944737
0;49053;-2.1452048;3.916914;9.050082
0;49103;-2.1164744;4.2042184;9.011775
0;49153;-2.135628;4.0414124;9.011775
0;49203;-2.2218192;4.0701427;9.002198
0;49253;-2.0494366;4.003105;9.059659
0;49303;-1.9728222;4.156334;8.935161
0;49353;-1.9153614;4.146757;9.184157
0;49403;-2.2122424;4.0892963;9.002198
0;49453;-2.078167;4.0701427;9.002198
0;49503;-2.078167;3.9552212;8.973468
0;49553;-2.1547816;4.0892963;8.992621
0;49604;-1.9919758;3.8307228;9.11712
0;49653;-1.8962077;4.012682;9.078813
0;49703;-2.4899697;4.10845;8.973468
0;49753;-2.0207062;4.1371803;8.983045
0;49803;-1.9440918;3.9456444;9.078813
0;49853;-1.9919758;4.0892963;9.050082
0;49903;-1.9440918;4.0892963;9.030929
0;49953;-1.6663644;4.146757;9.021352
0;50003;-2.3654714;4.156334;9.260772
0;50053;-2.2122424;4.0414124;9.241618
0;50103;-1.4652514;4.309563;8.954314
0;50153;-2.3750482;4.5202527;8.820239
0;50203;-2.3942018;4.6830587;8.848969
0;50253;-1.9440918;4.4723687;9.002198
0;50303;-1.9153614;4.817134;8.925584
0;50353;-2.825158;4.7788267;9.442732
0;50403;-3.2465374;5.2768207;9.509769
0;50453;-3.41892;7.029376;8.197746
0;50502;-2.9017725;7.0964136;7.038953
0;50553;-3.7541082;3.1507695;8.7053175
0;50603;-2.6048915;1.4460979;6.9527617
0;50653;-3.1986535;3.0358477;8.331821
0;50703;-3.4380736;4.185065;8.475474
0;50753;-3.6583402;5.056554;8.791509
0;50804;-4.012682;6.6654577;9.059659
0;50855;-3.7445314;6.5505357;8.389283
0;50921;-3.016694;6.5601125;7.651869
0;50953;-3.8977604;8.169016;7.747637
0;51002;-1.6472107;8.149862;6.579266
0;51053;-1.3503298;7.4507556;4.7884035
0;51103;-2.930503;7.7189064;5.793968
0;51153;-4.012682;6.847417;8.025364
0;51208;-0.48841715;4.309563;8.992621
0;51253;-1.1683705;4.003105;9.32781
0;51303;-2.2409728;3.8498764;9.222465
0;51353;-3.064578;4.2521024;8.810662
0;51403;-1.9057846;3.964798;9.174581
0;51454;-1.541866;4.0222588;9.184157
0;51503;-2.4612393;4.060566;8.983045
0;51553;-2.0111294;4.050989;8.973468
0;51603;-2.0973208;3.9935284;9.069236
0;51653;-2.327164;4.1371803;8.916007
0;51703;-2.2026656;4.0318356;9.059659
0;51753;-2.27928;4.1276035;8.954314
0;51802;-2.2601264;4.060566;8.983045
0;51851;-2.2026656;4.098873;8.90643
0;51904;-2.183512;4.10845;8.983045
0;51953;-2.2409728;4.10845;8.954314
0;52004;-2.2409728;4.156334;8.973468
0;52053;-2.1930888;4.1180267;8.944737
0;52103;-2.2122424;4.0892963;8.954314
0;52153;-2.2505496;4.0701427;8.90643
0;52203;-2.2697031;4.1659107;8.944737
0;52253;-2.0973208;3.9456444;9.059659
0;52303;-2.1260512;4.050989;9.059659
0;52353;-2.2505496;4.098873;9.174581
0;52403;-2.2505496;4.175488;9.203311
0;52453;-2.3080103;4.0414124;9.078813
0;52504;-2.480393;4.3861775;8.848969
0;52553;-2.5187001;4.4915223;8.724471
0;52603;-2.566584;4.759673;8.561666
0;52654;-2.719813;4.759673;8.513782
0;52703;-2.6431987;4.9416323;8.561666
0;52753;-2.6431987;4.9895163;8.743625
0;52803;-3.0454245;5.1235914;8.954314
0;52853;-4.0892963;6.9144545;9.030929
0;52903;-4.223372;6.8186865;8.8777
0;52953;-2.1643584;7.833828;6.2728086
0;53004;-3.6296098;6.3781533;8.159439
0;53053;-2.0973208;0.8619126;6.4164605
0;53103;-2.633622;2.2697031;6.789956
0;53153;-3.0262709;4.3766007;7.7093296
0;53204;-3.1028855;6.5984197;8.293514
0;53253;-2.9783869;7.3071036;8.1402855
0;53303;-3.7541082;8.7053175;7.6614456
0;53353;-3.2465374;8.686164;6.8282633
0;53403;-1.4939818;9.653421;7.431602
0;53453;-2.7102363;6.83784;6.2632318
0;53503;-2.1930888;8.034941;5.746084
0;53553;-3.6008794;10.936713;7.929596
0;53603;-3.4093432;-0.39264908;10.821792
0;53653;-1.7429788;4.146757;9.174581
0;53703;-1.3215994;3.6391866;9.375694
0;53753;-2.920926;4.098873;8.896853
0;53803;-1.982399;3.916914;9.097966
0;53851;-1.7812861;3.8307228;9.174581
0;53901;-2.3463178;3.9743748;8.992621
0;53953;-2.3175871;4.1180267;9.021352
0;54003;-1.9536686;4.098873;9.011775
0;54053;-2.27928;3.9264908;9.088389
0;54103;-2.1068976;3.964798;9.021352
0;54153;-2.3942018;4.0701427;9.011775
0;54203;-2.1643584;4.185065;9.002198
0;54253;-2.1547816;3.9360676;9.040505
0;54330;-2.2122424;4.2042184;8.896853
0;54352;-2.1930888;4.0892963;8.983045
0;54401;-2.135628;4.2425256;8.887277
0;54453;-2.231396;4.0797195;8.963891
0;54503;-2.1164744;3.9360676;9.059659
0;54553;-1.982399;3.916914;9.097966
0;54603;-2.1930888;3.8977604;9.059659
0;54653;-1.9632454;4.060566;9.059659
0;54703;-1.9057846;3.8977604;9.11712
0;54753;-2.1452048;4.060566;9.040505
0;54803;-2.1547816;3.9743748;9.030929
0;54853;-2.078167;4.1180267;9.184157
0;54903;-2.1068976;4.0701427;9.11712
0;54953;-2.0973208;4.3287168;8.829816
0;55004;-2.6240451;4.4915223;8.801085
0;55053;-2.6719291;4.759673;8.695741
0;55103;-2.384625;4.8745947;8.628703
0;55153;-2.384625;4.855441;8.561666
0;55203;-2.7389667;4.912902;8.7053175
0;55253;-2.815581;5.0278234;8.858546
0;55303;-3.5338416;6.0525417;8.992621
0;55353;-3.7924154;7.0485296;7.6614456
0;55403;-3.1603463;8.101978;6.215348
0;55453;-4.8745947;3.9552212;9.892841
0;55503;-2.681506;0.93852705;6.588843
0;55553;-3.5338416;3.3327289;7.201759
0;55603;-3.916914;4.3861775;7.8625584
0;55653;-3.371036;5.4300494;8.303091
0;55703;-3.5338416;7.249643;9.040505
0;55753;-3.5051112;7.383718;8.6095495
0;55803;-2.9113493;7.9583263;7.5944076
0;55854;-1.6280571;8.734048;6.7229185
0;55903;-2.825158;9.059659;6.83784
0;55953;-1.9919758;7.0102224;6.1004257
0;56003;-6.1770406;6.301539;11.061212
0;56053;-1.340753;3.1124623;9.500193
0;56103;-1.3790601;3.8594532;9.212888
0;56153;-1.8579005;4.654328;9.078813
0;56203;-2.5187001;4.1180267;9.002198
0;56253;-2.27928;4.0414124;9.059659
0;56303;-2.3080103;3.9456444;9.040505
0;56353;-2.3175871;4.1371803;8.935161
0;56402;-2.1930888;3.8594532;9.050082
0;56453;-2.0590134;3.8977604;9.097966
0;56502;-2.135628;3.8402996;9.14585
0;56552;-2.2505496;4.1180267;8.973468
0;56602;-2.1260512;3.916914;9.069236
0;56653;-1.8195933;3.9360676;9.222465
0;56703;-1.9632454;3.9264908;9.222465
0;56753;-1.9057846;4.175488;8.954314
0;56807;-2.0398598;3.9264908;9.002198
0;56853;-2.1452048;4.0318356;9.002198
0;56903;-2.135628;4.0222588;9.088389
0;56953;-1.9153614;4.098873;9.011775
0;57003;-2.0494366;4.0318356;9.002198
0;57053;-1.9440918;4.050989;9.021352
0;57103;-1.8483237;4.0222588;9.126697
0;57153;-1.9153614;4.175488;9.069236
0;57203;-2.0494366;3.9743748;9.14585
0;57253;-2.4133554;4.060566;9.241618
0;57303;-2.336741;4.0414124;9.155427
0;57353;-2.1643584;3.916914;9.232041
0;57403;-2.1739352;4.1946416;9.050082
0;57453;-2.5953147;4.3861775;8.90643
0;57503;-2.5187001;4.4915223;8.772355
0;57553;-2.3080103;4.7405195;8.791509
0;57603;-2.4708161;4.999093;8.734048
0;57653;-2.815581;4.817134;8.839393
0;57703;-3.2561142;5.793968;9.050082
0;57753;-3.6487634;6.9144545;8.992621
0;57803;-3.265691;7.642292;7.3071036
0;57853;-4.012682;4.673482;9.844957
0;57903;-2.7006595;1.2737153;7.5082164
0;57953;-3.6008794;3.5625722;7.8050976
0;58003;-3.4572272;3.6774938;7.5848308
0;58053;-3.7924154;5.544971;8.494628
0;58103;-3.6774938;6.6079965;8.858546
0;58153;-3.6487634;7.431602;8.207323
0;58203;-3.4572272;7.785944;7.536947
0;58253;-2.7485435;8.954314;8.00621
0;58303;-1.8674773;7.603985;6.7612257
0;58353;-1.8483237;7.5944076;6.694188
0;58403;-2.336741;7.7667904;6.1004257
0;58453;-2.0973208;2.2218192;9.097966
0;58503;-1.043872;5.449203;9.251195
0;58553;-1.532289;3.9935284;9.155427
0;58603;-2.6719291;4.414908;9.011775
0;58653;-2.336741;4.0414124;9.040505
0;58703;-2.078167;3.9264908;9.136273
0;58753;-2.432509;3.8881836;9.069236
0;58804;-2.078167;4.1371803;8.963891
0;58853;-2.1452048;3.821146;9.059659
0;58924;-2.030283;3.9743748;9.088389
0;58952;-2.2026656;3.763685;9.184157
0;59002;-2.135628;4.2904096;8.963891
0;59050;-2.27928;4.003105;9.11712
0;59100;-2.078167;4.1946416;8.954314
0;59150;-2.4708161;4.10845;8.848969
0;59200;-2.3654714;4.098873;8.935161
0;59250;-2.3463178;4.0414124;8.954314
0;59299;-2.231396;4.271256;8.848969
0;59350;-2.078167;4.0797195;8.973468
0;59400;-2.0015526;4.0892963;9.069236
0;59451;-2.0207062;3.9743748;9.155427
0;59500;-1.9728222;4.0318356;9.155427
0;59549;-2.0590134;4.223372;8.983045
0;59599;-2.4133554;4.146757;8.992621
0;59653;-2.1930888;4.2425256;8.858546
0;59703;-2.5570073;4.156334;9.011775
0;59754;-2.3942018;4.5298295;8.963891
0;59803;-2.3750482;4.261679;8.887277
0;59853;-2.5953147;4.8362875;8.418014
0;59903;-2.7485435;4.663905;8.456321
0;59954;-2.8060043;5.21936;8.561666
0;60003;-2.8443117;4.951209;8.762778
0;60053;-3.5529952;5.4683566;9.260772
0;60103;-3.5817258;7.153875;8.456321
0;60153;-2.9496565;7.201759;7.383718
0;60203;-3.7828386;3.9839516;10.25676
0;60253;-2.1547816;1.3790601;7.565677
0;60303;-3.4284968;3.083732;8.054094
0;60353;-3.620033;3.7828386;8.101978
0;60403;-3.4763808;4.9416323;8.580819
0;60453;-3.9839516;6.7612257;8.676587
0;60503;-4.0701427;7.2304893;8.2169
0;60553;-2.825158;7.603985;7.297527
0;60603;-3.2944214;9.107543;8.42759
0;60653;-2.3654714;6.9623384;6.1004257
0;60703;-2.528277;8.322245;6.646304
0;60753;-2.825158;8.025364;6.493075
0;60804;-4.7884035;4.9416323;10.70687
0;60854;-1.3694834;2.3080103;9.471462
0;60903;-1.934515;3.7349546;9.356541
0;60953;-2.5761611;4.098873;9.040505
0;61003;-2.7485435;3.9360676;8.954314
0;61051;-2.4037786;3.8594532;9.059659
0;61103;-2.078167;4.1371803;9.002198
0;61153;-2.1739352;4.012682;9.059659
0;61203;-2.27928;4.0414124;9.011775
0;61253;-2.2122424;4.050989;9.002198
0;61303;-2.1547816;3.8498764;9.088389
0;61353;-2.0111294;3.9264908;9.136273
0;61403;-2.6910827;3.86903;8.935161
0;61453;-2.585738;3.9935284;8.848969
0;61503;-2.6240451;4.1946416;8.916007
0;61553;-2.078167;4.0797195;9.011775
0;61603;-1.9153614;3.763685;9.203311
0;61653;-2.0685902;4.10845;9.059659
0;61703;-2.2218192;4.0222588;9.078813
0;61753;-1.7908629;3.964798;9.126697
0;61804;-1.8866309;3.8881836;9.203311
0;61853;-2.0590134;3.9743748;9.097966
0;61903;-1.9153614;4.0318356;9.050082
0;61953;-1.8674773;4.146757;8.992621
0;62002;-1.9440918;4.0318356;9.203311
0;62052;-1.8004397;4.012682;9.14585
0;62102;-2.327164;3.8977604;9.414001
0;62153;-2.7485435;4.1371803;9.260772
0;62200;-1.9249382;4.414908;8.858546
0;62251;-2.4899697;4.5394063;8.820239
0;62301;-2.2697031;4.8841715;8.494628
0;62350;-2.1643584;4.807557;8.552089
0;62402;-2.3654714;5.3247046;8.418014
0;62454;-2.72939;5.161899;8.341399
0;62503;-2.6719291;5.707777;8.379706
0;62553;-2.585738;6.033388;8.1402855
0;62603;-2.5474305;6.9527617;7.3549876
0;62653;-2.2984335;6.885724;6.9144545
0;62703;-1.9440918;7.431602;6.0238113
0;62753;-1.7717092;7.7667904;5.765238
0;62804;-2.1164744;8.676587;5.4779334
0;62853;-3.9839516;4.7500963;7.6710224
0;62903;-2.4612393;3.5434184;7.326257
0;62953;-2.5570073;4.223372;8.801085
0;63003;-2.777274;4.0222588;8.973468
0;63053;-3.1124623;4.223372;9.720459
0;63103;-3.1411927;4.3861775;10.103531
0;63153;-3.1603463;4.644751;9.682152
0;63203;-4.232949;5.90889;8.37013
0;63253;-3.323152;7.5561004;8.073248
0;63303;-3.1411927;9.423578;6.694188
0;63353;-3.0358477;10.716447;6.253655
0;63403;-2.4612393;10.419566;5.6215854
0;63453;-2.8060043;1.1300632;9.931149
0;63503;-0.5267244;3.667917;9.14585
0;63553;-1.8866309;3.2369606;9.385271
0;63603;-3.064578;3.7541082;9.097966
0;63653;-2.930503;4.098873;8.983045
0;63703;-1.6950948;3.964798;9.155427
0;63753;-2.528277;3.964798;8.916007
0;63803;-2.6431987;3.9264908;8.954314
0;63853;-2.3080103;4.050989;8.944737
0;63920;-1.9153614;4.1180267;9.021352
0;63952;-2.2218192;4.10845;9.059659
0;64000;-2.1164744;4.0222588;9.021352
0;64049;-2.0590134;4.0222588;9.011775
0;64099;-2.1930888;4.1659107;8.963891
0;64151;-2.0494366;3.9935284;9.11712
0;64205;-2.087744;4.0797195;9.040505
0;64253;-2.2601264;4.2042184;8.925584
0;64303;-2.4133554;4.3287168;8.839393
0;64353;-2.5091233;4.357447;8.714894
0;64404;-2.1739352;4.0892963;9.050082
0;64453;-2.1260512;4.2521024;8.992621
0;64503;-2.4708161;4.3861775;8.896853
0;64552;-2.7581203;4.271256;8.8777
0;64603;-2.5474305;4.414908;8.839393
0;64653;-2.4229321;4.548983;8.66701
0;64703;-2.7485435;4.7979803;8.465898
0;64754;-2.633622;5.0278234;8.418014
0;64802;-2.719813;5.0278234;8.475474
0;64853;-2.681506;5.2959743;8.331821
0;64903;-2.6527755;5.1523223;8.437167
0;64953;-3.2273839;5.5162406;8.379706
0;65003;-3.7062242;5.439626;8.954314
0;65054;-3.9264908;7.192182;8.054094
0;65103;-4.0318356;5.8322754;9.394848
0;65153;-2.6623523;2.815581;9.902418
0;65203;-2.9017725;1.8387469;8.063671
0;65253;-3.2752678;2.767697;8.437167
0;65303;-3.3039982;3.7732618;8.504205
0;65353;-3.8977604;5.5737014;9.184157
0;65403;-3.964798;6.167464;8.963891
0;65453;-3.86903;6.4739213;7.469909
0;65503;-3.5817258;7.3645644;7.4603324
0;65553;-1.1587936;9.9790325;7.422025
0;65603;-3.8019924;8.24563;7.5944076
0;65653;-1.8387469;7.5082164;6.943185
0;65703;-2.8060043;8.015787;8.24563
0;65753;-1.532289;6.5984197;9.758766
0;65803;-2.633622;2.7006595;9.471462
0;65852;-1.340753;4.10845;9.184157
0;65901;-1.9536686;3.7924154;9.11712
0;65953;-3.5338416;4.0701427;8.868123
0;66004;-1.9728222;4.185065;8.896853
0;66054;-1.8483237;3.8402996;9.222465
0;66104;-2.2218192;4.1180267;9.040505
0;66153;-2.1164744;3.8977604;8.983045
0;66203;-1.9536686;3.964798;9.11712
0;66253;-2.1260512;3.9839516;9.184157
0;66303;-2.2697031;3.8594532;9.107543
0;66353;-2.1260512;4.050989;9.097966
0;66403;-2.1739352;3.9552212;8.973468
0;66453;-2.087744;3.9743748;9.050082
0;66503;-2.0398598;3.9839516;9.088389
0;66553;-2.0685902;4.1276035;9.002198
0;66603;-1.8100165;4.0414124;9.107543
0;66653;-1.982399;4.1180267;9.002198
0;66703;-2.0973208;3.9935284;9.069236
0;66753;-1.8674773;4.1276035;9.011775
0;66803;-2.0207062;4.060566;9.126697
0;66853;-1.5801731;4.0318356;9.088389
0;66903;-2.4708161;4.232949;9.14585
0;66953;-2.1930888;3.9839516;9.32781
0;67003;-2.4420857;4.3287168;9.088389
0;67053;-2.5953147;4.4819455;8.839393
0;67103;-1.8004397;4.807557;8.619126
0;67153;-1.541866;4.759673;8.552089
0;67203;-2.5570073;4.865018;8.686164
0;67253;-2.5761611;4.951209;8.983045
0;67303;-2.882619;5.3247046;9.030929
0;67353;-3.1794999;6.83784;8.8777
0;67403;-3.3423057;7.144298;7.7189064
0;67453;-3.4763808;6.885724;8.973468
0;67503;-2.633622;3.715801;9.232041
0;67553;-2.6144683;2.6431987;7.441179
0;67603;-3.4763808;3.4763808;7.5848308
0;67653;-3.3423057;4.357447;8.0924015
0;67703;-3.323152;6.2345014;8.781932
0;67753;-3.7828386;6.301539;8.619126
0;67803;-4.012682;6.5601125;8.082825
0;67853;-3.265691;7.1251445;7.3166804
0;67908;-1.541866;9.32781;7.5465236
0;67951;-2.183512;7.6614456;6.445191
0;68003;-1.9728222;7.383718;6.799533
0;68053;-1.340753;8.274361;9.078813
0;68103;-3.0358477;3.8977604;9.500193
0;68153;-2.3175871;2.7485435;9.279925
0;68203;-1.8004397;4.453215;9.155427
0;68253;-2.3750482;3.9073372;9.069236
0;68303;-2.1068976;3.9839516;9.126697
0;68353;-2.4995465;4.1276035;9.069236
0;68403;-2.1739352;3.9360676;9.050082
0;68453;-1.8579005;4.098873;9.030929
0;68503;-1.9919758;4.0222588;9.040505
0;68553;-2.2026656;4.0318356;9.040505
0;68603;-2.1739352;3.916914;9.030929
0;68653;-2.030283;4.098873;9.069236
0;68703;-2.030283;4.060566;9.078813
0;68753;-1.8962077;4.050989;9.107543
0;68804;-2.0015526;4.1276035;8.973468
0;68853;-1.9919758;4.1946416;8.954314
0;68903;-1.8004397;4.0222588;9.030929
0;68953;-1.6759412;4.175488;9.088389
0;69002;-1.8004397;4.098873;9.050082
0;69053;-1.934515;4.175488;9.030929
0;69103;-1.982399;4.1180267;9.011775
0;69153;-1.6280571;4.0414124;9.174581
0;69203;-1.8579005;4.156334;9.040505
0;69254;-2.0685902;3.715801;9.557653
0;69303;-1.7525556;3.6870706;9.414001
0;69353;-1.3790601;3.6774938;9.260772
0;69403;-2.4899697;5.00867;8.839393
0;69453;-2.087744;4.644751;8.599973
0;69503;-0.4213795;4.9799395;8.054094
0;69553;-1.5514427;5.3342814;8.465898
0;69604;-1.5514427;5.592855;7.7667904
0;69653;-1.6567876;5.5737014;7.881712
0;69702;-2.5378537;5.6407394;8.695741
0;69752;-2.834735;5.8322754;8.724471
0;69803;-3.1124623;6.6079965;8.772355
0;69853;-2.873042;6.0142345;9.222465
0;69903;-3.2369606;2.480393;10.141838
0;69953;-2.6240451;1.5035586;9.165004
0;70003;-2.7581203;1.6567876;9.088389
0;70053;-3.4763808;2.6431987;9.394848
0;70103;-3.6870706;4.3382936;9.710882
0;70153;-3.514688;4.912902;9.471462
0;70203;-3.3806129;5.3342814;8.082825
0;70253;-3.1316159;6.301539;7.517793
0;70303;-1.7812861;7.7189064;7.0485296
0;70353;-2.27928;7.97748;6.6654577
0;70403;-2.8921957;8.6574335;7.28795
0;70453;-4.548983;6.7324953;8.772355
0;70503;-4.4723687;5.6120086;10.400413
0;70553;-0.8810662;3.572149;9.394848
0;70603;-2.135628;3.265691;9.509769
0;70653;-3.3423057;5.4779334;8.628703
0;70703;-1.7717092;4.0701427;9.136273
0;70753;-1.8483237;3.8498764;9.165004
0;70804;-2.767697;4.0701427;8.887277
0;70885;-2.087744;3.916914;8.992621
0;70912;-2.0973208;3.8402996;9.030929
0;70950;-2.0015526;3.8402996;9.097966
0;70999;-2.4708161;4.0892963;9.050082
0;71052;-2.3654714;4.0892963;9.011775
0;71100;-2.2984335;4.0892963;8.944737
0;71149;-2.2697031;3.9456444;9.002198
0;71199;-2.1068976;4.060566;9.011775
0;71249;-1.9249382;4.0892963;9.021352
0;71299;-1.9153614;4.012682;9.050082
0;71353;-1.934515;4.050989;9.050082
0;71403;-2.4995465;4.0318356;8.963891
0;71455;-2.1643584;3.9456444;9.021352
0;71503;-2.1547816;4.146757;8.992621
0;71553;-2.633622;4.156334;8.839393
0;71603;-2.0111294;4.0701427;9.136273
0;71653;-2.4612393;4.185065;8.973468
0;71703;-2.384625;4.1946416;8.954314
0;71753;-2.2122424;4.357447;8.954314
0;71804;-2.6144683;4.414908;8.925584
0;71853;-2.432509;4.5777135;8.724471
0;71903;-2.8060043;4.8841715;8.647857
0;71953;-2.2409728;4.8841715;8.7532015
0;72003;-2.135628;5.0661306;8.418014
0;72053;-2.4037786;5.4300494;8.24563
0;72103;-2.6240451;5.7748146;7.929596
0;72153;-2.4995465;5.746084;7.9391727
0;72205;-2.2888567;6.493075;7.201759
0;72253;-2.2026656;7.067683;7.019799
0;72303;-2.5091233;7.1730285;7.297527
0;72353;-2.3750482;7.3071036;7.575254
0;72403;-2.336741;7.4507556;7.489063
0;72453;-2.7102363;8.379706;6.3781533
0;72503;-2.566584;8.130709;6.033388
0;72553;-2.825158;4.8458643;7.747637
0;72603;-2.0973208;3.7253778;7.489063
0;72653;-3.169923;3.6296098;7.97748
0;72703;-3.4284968;4.0797195;7.9104424
0;72752;-3.4955344;5.267244;8.513782
0;72801;-3.6966474;7.1347213;8.695741
0;72853;-3.5625722;8.542512;7.335834
0;72903;-2.4229321;8.322245;6.8761473
0;72953;-2.4708161;8.341399;6.646304
0;73003;-2.8538885;8.42759;6.742072
0;73053;-0.79487497;8.00621;6.0046577
0;73103;-3.5242648;8.1402855;7.469909
0;73153;-2.9592333;1.4173675;10.036493
0;73203;-1.6567876;4.3382936;9.212888
0;73253;-1.9728222;3.6104562;9.289502
0;73303;-3.7062242;3.8881836;8.781932
0;73353;-2.882619;3.9456444;8.820239
0;73403;-2.087744;3.8307228;9.232041
0;73453;-2.384625;3.964798;8.935161
0;73503;-2.2218192;3.9073372;9.11712
0;73553;-2.6719291;4.1180267;8.820239
0;73603;-3.0454245;3.8594532;8.743625
0;73653;-2.7964275;4.060566;8.839393
0;73703;-2.96881;4.003105;8.8777
0;73753;-3.064578;4.453215;8.628703
0;73804;-1.8291701;3.9456444;9.126697
0;73853;-2.4516625;4.1946416;8.839393
0;73903;-2.0111294;3.821146;9.107543
0;73953;-1.6759412;3.9839516;9.193734
0;74003;-2.3654714;4.0318356;9.002198
0;74053;-2.0973208;4.0701427;8.983045
0;74103;-2.135628;4.012682;8.983045
0;74153;-2.0015526;3.9264908;9.11712
0;74203;-1.9919758;4.0222588;9.088389
0;74253;-2.1164744;4.060566;9.002198
0;74303;-2.0111294;4.0797195;9.050082
0;74353;-2.27928;4.0701427;9.155427
0;74403;-2.1739352;4.2425256;9.088389
0;74453;-2.3654714;4.2425256;9.097966
0;74503;-1.685518;4.55856;8.734048
0;74552;-1.9440918;4.5872903;8.810662
0;74603;-1.8100165;4.807557;8.6095495
0;74653;-2.0015526;4.9703627;8.303091
0;74704;-2.5761611;5.2863975;8.169016
0;74753;-2.8634653;5.66947;8.130709
0;74803;-2.681506;5.765238;8.054094
0;74852;-2.5378537;5.9280434;8.111555
0;74901;-2.8921957;6.253655;8.350976
0;74953;-3.5817258;6.9623384;8.197746
0;75003;-3.2561142;7.2209125;7.3645644
0;75052;-4.2904096;4.8841715;10.5440645
0;75103;-3.2465374;0.842759;7.469909
0;75153;-4.1276035;2.4133554;7.9583263
0;75203;-3.5051112;3.8881836;8.054094
0;75253;-3.763685;5.00867;8.801085
0;75303;-4.175488;5.7843914;8.322245
0;75353;-4.3382936;6.3781533;8.590396
0;75403;-4.012682;6.789956;8.542512
0;75453;-2.0685902;7.1730285;7.7572136
0;75503;-2.2601264;7.0581064;6.981492
0;75553;-1.7238252;8.015787;7.28795
0;75603;-1.8674773;7.2592196;6.033388
0;75653;-3.1124623;7.6614456;10.218452
0;75703;-2.4037786;3.064578;9.299079
0;75753;-1.7238252;3.2369606;9.3661175
0;75803;-2.4229321;4.7405195;9.097966
0;75853;-3.0933087;4.1371803;8.925584
0;75903;-1.8100165;3.8881836;9.193734
0;75953;-2.5187001;3.8019924;9.069236
0;76003;-2.27928;4.1371803;8.992621
0;76053;-2.2122424;3.8115692;9.088389
0;76103;-1.8579005;4.003105;9.050082
0;76154;-2.2218192;4.0318356;9.097966
0;76203;-2.2218192;4.146757;8.90643
0;76253;-2.078167;3.7253778;9.126697
0;76303;-2.2601264;4.060566;9.050082
0;76353;-2.2505496;4.0318356;9.078813
0;76403;-2.0685902;4.060566;9.002198
0;76453;-2.2409728;3.8498764;9.050082
0;76503;-2.0590134;4.0797195;9.021352
0;76554;-1.982399;3.9743748;9.069236
0;76603;-2.0015526;3.9935284;9.021352
0;76653;-1.9057846;3.8977604;9.136273
0;76704;-1.8770541;4.0318356;9.059659
0;76753;-1.9057846;3.9360676;9.088389
0;76802;-1.8195933;3.821146;9.136273
0;76853;-1.9632454;3.9743748;9.155427
0;76901;-2.0685902;3.916914;9.11712
0;76953;-2.4899697;4.2521024;9.586384
0;77002;-1.6759412;3.964798;9.500193
0;77053;-0.6703765;4.2042184;8.90643
0;77102;-2.4612393;4.912902;8.772355
0;77153;-2.183512;5.257667;8.523358
0;77203;-0.94810385;5.0278234;8.475474
0;77253;-1.1013328;5.2289367;8.743625
0;77303;-0.2681506;4.9416323;8.437167
0;77360;-1.3311762;5.497087;9.155427
0;77402;-1.8291701;6.483498;8.676587
0;77450;-2.183512;7.374141;8.1881695
0;77500;-2.2026656;5.746084;9.5385
0;77551;-2.432509;2.183512;8.7053175
0;77600;-2.834735;2.882619;8.542512
0;77652;-2.7868507;3.2752678;8.504205
0;77703;-2.8443117;4.1946416;8.839393
0;77753;-3.715801;5.21936;9.385271
0;77803;-3.6296098;5.90889;9.078813
0;77853;-3.2752678;6.1195793;7.9104424
0;77903;-3.1603463;6.445191;7.7572136
0;77953;-3.2465374;7.086837;8.494628
0;78003;-1.982399;6.4643445;7.7667904
0;78053;-2.030283;7.5561004;6.751649
0;78103;-2.0207062;9.011775;6.789956
0;78153;-8.379706;2.1547816;12.0093155
0;78203;-1.3599066;2.6623523;9.873688
0;78253;-2.5474305;3.620033;9.040505
0;78303;-2.6623523;4.865018;8.820239
0;78353;-2.2697031;3.8498764;9.165004
0;78403;-2.4133554;3.7732618;9.11712
0;78453;-2.4037786;3.8402996;9.11712
0;78503;-1.9632454;3.9743748;9.030929
0;78554;-2.4516625;4.1659107;8.954314
0;78604;-2.231396;4.003105;8.992621
0;78653;-2.2888567;4.1371803;8.944737
0;78703;-2.2601264;3.964798;9.078813
0;78753;-2.4516625;4.060566;8.983045
0;78803;-2.2122424;3.9743748;9.050082
0;78853;-2.231396;4.012682;9.002198
0;78903;-2.1739352;3.9264908;9.069236
0;78953;-2.1547816;3.9360676;9.069236
0;79003;-2.1164744;4.0222588;9.059659
0;79054;-2.1068976;4.050989;9.002198
0;79103;-2.1547816;3.8115692;9.069236
0;79153;-2.078167;3.8594532;9.059659
0;79203;-2.1930888;3.9743748;9.107543
0;79253;-2.1068976;3.8786068;9.088389
0;79303;-2.0015526;3.9552212;9.097966
0;79353;-2.1547816;3.8977604;9.050082
0;79411;-1.8483237;4.060566;9.040505
0;79451;-1.9249382;3.821146;9.260772
0;79502;-2.0398598;3.9839516;9.030929
0;79553;-2.5378537;3.9743748;9.461885
0;79603;-1.9057846;4.2904096;9.193734
0;79653;-1.8387469;4.31914;8.983045
0;79703;-2.0590134;4.644751;8.695741
0;79753;-2.327164;4.9703627;8.743625
0;79803;-2.1068976;5.1235914;8.446744
0;79853;-1.2354081;5.133168;8.197746
0;79915;-2.1452048;5.48751;8.6095495
0;79951;-1.9440918;5.592855;8.0924015
0;80001;-2.231396;6.042965;8.37013
0;80053;-3.1411927;6.8569937;8.437167
0;80103;-2.4995465;7.0581064;7.5561004
0;80153;-3.4093432;5.707777;8.66701
0;80203;-2.9400797;2.1930888;8.7053175
0;80253;-3.0262709;2.6719291;8.6095495
0;80303;-3.6104562;3.4572272;8.418014
0;80353;-3.821146;4.4723687;8.494628
0;80403;-3.7445314;5.2289367;8.8777
0;80453;-3.5242648;6.081272;8.63828
0;80503;-3.5913026;6.0046577;7.843405
0;80553;-2.825158;7.0006456;7.8146744
0;80603;-2.528277;7.2304893;7.2592196
0;80653;-2.1260512;8.485051;7.5082164
0;80703;-3.2465374;7.7093296;6.205771
0;80753;-3.6391866;8.37013;9.088389
0;80804;-0.90979666;2.3463178;9.825804
0;80867;-1.6280571;4.1946416;9.3182335
0;80900;-3.2561142;4.55856;8.762778
0;80949;-2.3080103;3.6870706;8.973468
0;81001;-2.2505496;3.964798;9.174581
0;81051;-2.767697;3.8498764;8.963891
0;81103;-2.585738;3.964798;8.887277
0;81153;-2.7485435;3.821146;9.011775
0;81203;-2.767697;3.9264908;8.925584
0;81254;-2.0973208;3.8019924;9.203311
0;81303;-2.3463178;3.964798;8.963891
0;81353;-2.4995465;3.8594532;9.040505
0;81403;-2.3080103;3.6870706;9.040505
0;81453;-2.0015526;3.763685;9.155427
0;81503;-2.087744;4.10845;9.002198
0;81553;-2.3654714;3.9935284;9.078813
0;81603;-2.1547816;3.9743748;9.030929
0;81653;-2.0398598;4.0414124;9.069236
0;81703;-2.030283;4.1180267;9.011775
0;81754;-2.087744;4.0797195;8.992621
0;81803;-1.8483237;4.0701427;8.925584
0;81852;-2.8060043;4.1371803;9.088389
0;81903;-1.9249382;3.8786068;9.107543
0;81953;-2.4133554;3.964798;9.289502
0;82002;-2.719813;3.9552212;9.337387
0;82054;-1.7429788;4.213795;8.983045
0;82103;-2.873042;4.462792;8.695741
0;82153;-2.9400797;4.7405195;8.542512
0;82203;-2.3080103;4.855441;8.504205
0;82253;-2.336741;4.9224787;8.446744
0;82303;-2.633622;5.2385135;8.303091
0;82353;-3.1316159;5.439626;8.6574335
0;82403;-3.323152;5.449203;8.7053175
0;82453;-3.5434184;6.799533;8.676587
0;82503;-3.5434184;7.192182;8.111555
0;82553;-2.183512;7.0964136;6.8091097
0;82603;-2.183512;2.882619;8.350976
0;82653;-2.9975405;2.1452048;7.422025
0;82703;-3.323152;3.86903;7.929596
0;82753;-3.0262709;4.6926355;8.054094
0;82802;-3.3806129;5.947197;8.762778
0;82853;-4.0414124;6.1387334;8.360553
0;82903;-3.5913026;6.4643445;8.197746
0;82953;-2.7868507;7.297527;7.795521
0;83003;-2.7581203;7.5848308;7.240066
0;83054;-2.4516625;7.2687964;6.8282633
0;83103;-2.2026656;7.2304893;6.3781533
0;83153;-2.5570073;7.6710224;6.540959
0;83203;-3.074155;4.1371803;9.643845
0;83253;-0.6991069;1.4748282;10.390836
0;83303;-1.6759412;3.4572272;9.528923
0;83353;-2.7102363;3.3039982;9.088389
0;83403;-2.4133554;4.3478703;8.8777
0;83453;-1.6472107;3.7445314;9.222465
0;83503;-2.3750482;3.8977604;9.126697
0;83553;-2.2505496;4.012682;8.992621
0;83603;-2.1930888;3.8594532;9.078813
0;83653;-2.2122424;3.86903;9.088389
0;83703;-2.3654714;3.7062242;8.973468
0;83766;-2.3654714;3.9456444;9.155427
0;83802;-2.1547816;3.9743748;9.155427
0;83851;-2.1930888;3.9935284;8.992621
0;83903;-2.2122424;3.7349546;9.078813
0;83953;-2.1930888;4.012682;9.011775
0;84003;-2.327164;3.9935284;9.030929
0;84053;-2.231396;4.156334;9.002198
0;84103;-2.4037786;4.1946416;8.935161
0;84153;-2.4133554;4.2904096;8.810662
0;84203;-2.27928;4.156334;8.829816
0;84253;-2.2601264;4.1659107;8.944737
0;84303;-2.078167;4.156334;8.916007
0;84353;-2.327164;4.1180267;9.030929
0;84403;-2.2601264;4.098873;9.107543
0;84453;-2.327164;4.0701427;9.097966
0;84503;-2.327164;4.3861775;8.887277
0;84553;-2.183512;4.3287168;8.791509
0;84603;-2.4420857;4.4915223;8.858546
0;84653;-2.2984335;4.2999864;8.916007
0;84703;-2.0973208;4.759673;8.6574335
0;84753;-2.585738;4.8267107;8.647857
0;84803;-2.815581;5.056554;8.494628
0;84853;-2.6623523;5.4683566;8.24563
0;84903;-2.030283;5.6982;8.207323
0;84953;-1.6280571;5.0661306;8.801085
0;85003;-1.7812861;5.1810527;9.452309
0;85053;-2.2409728;6.3781533;9.107543
0;85103;-2.3654714;7.1634517;7.651869
0;85153;-2.3654714;7.469909;7.479486
0;85203;-1.8866309;2.72939;8.159439
0;85253;-2.5378537;2.2984335;7.3071036
0;85303;-3.074155;3.9743748;7.431602
0;85353;-3.1890767;5.391742;7.52737
0;85403;-3.3901896;6.196194;7.929596
0;85453;-3.715801;7.431602;7.8146744
0;85503;-3.620033;7.479486;7.3549876
0;85553;-2.920926;8.274361;7.153875
0;85603;-2.078167;8.418014;6.895301
0;85653;-2.327164;9.615114;6.7803793
0;85703;0.05746084;10.936713;6.8665705
0;85753;-4.156334;0.94810385;10.5919485
0;85803;-1.7908629;5.6120086;8.916007
0;85852;-2.2122424;4.0797195;9.212888
0;85904;-2.3175871;3.916914;8.963891
0;85953;-2.2984335;4.060566;8.992621
0;86003;-2.6240451;3.964798;8.973468
0;86053;-2.4420857;3.964798;9.088389
0;86103;-2.3175871;3.9264908;8.973468
0;86153;-2.633622;3.8977604;8.954314
0;86203;-2.2409728;3.9360676;9.136273
0;86253;-2.528277;3.8977604;9.021352
0;86303;-2.1164744;4.003105;9.069236
0;86353;-2.2218192;3.7349546;9.078813
0;86403;-2.3750482;4.10845;8.916007
0;86454;-2.432509;3.8977604;9.069236
0;86503;-2.2218192;3.9935284;9.002198
0;86553;-2.2409728;3.916914;9.040505
0;86603;-2.4516625;4.1371803;8.896853
0;86653;-2.1547816;4.060566;8.944737
0;86703;-2.2505496;4.0414124;8.973468
0;86753;-2.27928;4.1276035;8.954314
0;86803;-2.3654714;4.146757;8.954314
0;86853;-2.4995465;4.0222588;9.165004
0;86903;-2.3558946;4.1276035;9.059659
0;86953;-2.7868507;4.3287168;8.992621
0;87003;-2.3750482;4.357447;8.791509
0;87053;-2.3750482;4.663905;8.6095495
0;87103;-2.5474305;4.9320555;8.350976
0;87153;-2.3463178;4.9320555;8.475474
0;87203;-2.4612393;5.2768207;8.379706
0;87253;-2.1260512;5.535394;8.063671
0;87303;-2.0111294;5.267244;8.341399
0;87353;-2.2122424;5.8226986;8.8777
0;87403;-2.5187001;6.339846;8.7532015
0;87453;-2.7006595;7.1347213;7.6231384
0;87503;-2.3175871;7.517793;6.7803793
0;87553;-3.8881836;2.8538885;10.180145
0;87602;-2.9017725;2.7581203;8.025364
0;87652;-3.4572272;4.156334;8.379706
0;87701;-3.667917;4.548983;8.312668
0;87754;-3.572149;5.391742;8.6574335
0;87804;-3.7828386;6.1387334;8.350976
0;87852;-3.9360676;6.7708025;8.149862
0;87903;-2.882619;7.747637;7.3071036
0;87953;-1.6280571;8.418014;7.374141
0;88003;-2.3463178;7.872135;7.0006456
0;88053;-2.6623523;7.7667904;6.5505357
0;88103;-1.2162545;9.77792;9.184157
0;88154;-3.3423057;-0.18195933;10.6398325
0;88203;-1.1587936;4.55856;9.385271
0;88253;-1.8962077;3.821146;9.097966
0;88303;-2.6527755;4.10845;8.858546
0;88353;-2.5187001;4.1276035;8.973468
0;88403;-2.183512;3.7828386;9.136273
0;88453;-2.1164744;4.0892963;9.069236
0;88503;-1.7812861;4.0414124;8.7532015
0;88553;-2.3463178;4.098873;9.097966
0;88603;-2.336741;4.146757;9.002198
0;88653;-2.0015526;4.0701427;9.097966
0;88703;-2.0111294;4.1371803;8.992621
0;88753;-2.231396;4.050989;8.954314
0;88803;-2.2888567;3.9456444;8.90643
0;88853;-2.135628;4.1276035;8.954314
0;88903;-2.0590134;3.9264908;9.088389
0;88953;-2.0590134;4.060566;9.050082
0;89003;-2.0398598;4.3287168;8.973468
0;89053;-2.0207062;4.5777135;8.916007
0;89103;-2.231396;4.3478703;9.021352
0;89153;-1.9919758;4.3287168;9.088389
0;89203;-2.27928;4.1946416;9.088389
0;89253;-2.5187001;4.807557;9.155427
0;89304;-2.7868507;4.213795;9.241618
0;89353;-1.4939818;4.8458643;8.542512
0;89403;-3.169923;5.363012;8.169016
0;89453;-2.1547816;5.5641246;7.824251
0;89503;-2.0590134;5.363012;8.475474
0;89553;-2.777274;5.6407394;8.504205
0;89603;-4.012682;6.6367273;8.580819
0;89661;-4.462792;6.799533;8.465898
0;89701;-3.5817258;7.632715;6.5026517
0;89754;-4.9320555;2.8634653;9.548077
0;89803;-2.920926;1.2162545;6.742072
0;89853;-4.606444;3.0454245;7.565677
0;89903;-4.606444;3.6296098;7.517793
0;89953;-4.1946416;5.305551;7.9008656
0;90003;-4.6830587;6.1100025;8.389283
0;90053;-4.807557;6.991069;8.42759
0;90103;-4.146757;7.374141;7.2592196
0;90153;-2.9975405;8.446744;7.2592196
0;90203;-2.5761611;10.084377;6.540959
0;90253;-1.4269443;9.710882;5.0757074
0;90304;-2.920926;6.2345014;8.542512
0;90353;-0.22984336;2.7389667;9.040505
0;90404;-2.231396;4.2999864;9.471462
0;90454;-1.1109096;4.663905;9.232041
0;90503;-2.8060043;4.0797195;8.954314
0;90554;-1.9728222;3.7349546;9.155427
0;90603;-2.4037786;3.8115692;9.059659
0;90653;-2.432509;4.0222588;9.078813
0;90704;-2.873042;4.146757;8.868123
0;90753;-2.719813;3.964798;9.002198
0;90804;-3.1986535;4.098873;8.619126
0;90887;-3.2082303;4.2904096;8.456321
0;90902;-1.340753;3.7062242;9.442732
0;90950;-2.1739352;3.7349546;9.260772
0;91001;-2.087744;4.2425256;8.963891
0;91051;-2.1068976;4.2521024;8.887277
0;91101;-2.183512;4.3382936;8.916007
0;91153;-2.1068976;4.2521024;9.069236
0;91203;-2.1739352;4.1180267;9.088389
0;91253;-2.0685902;4.0701427;9.720459
0;91303;-2.5953147;3.916914;9.730036
0;91353;-2.3750482;4.673482;8.887277
0;91404;-2.1452048;4.7500963;8.66701
0;91452;-2.3942018;4.6926355;8.973468
0;91502;-3.6870706;6.5122285;9.260772
0;91553;-3.9839516;7.7189064;8.628703
0;91603;-4.156334;6.1866174;8.983045
0;91653;-2.873042;0.50757074;7.0964136
0;91703;-3.7062242;1.5035586;7.489063
0;91753;-4.271256;4.0701427;8.350976
0;91803;-3.8019924;3.964798;7.9008656
0;91853;-3.9743748;5.602432;8.42759
0;91903;-4.309563;6.2728086;8.714894
0;91953;-4.5394063;6.6367273;8.236053
0;92003;-3.466804;9.165004;8.437167
0;92053;-2.528277;10.314221;7.441179
0;92103;-0.81402856;11.21444;5.315128
0;92153;0.32561144;10.323798;4.0222588
0;92203;-9.184157;2.3654714;13.062764
0;92253;1.2449849;5.583278;10.409989
0;92303;-1.0821792;3.5913026;9.519346
0;92353;-3.5434184;3.8498764;8.686164
0;92403;-2.183512;3.8115692;9.078813
0;92453;-2.4420857;3.7924154;9.14585
0;92503;-2.834735;4.213795;9.030929
0;92553;-2.2888567;4.10845;9.050082
0;92603;-2.4133554;4.0318356;8.839393
0;92653;-2.4995465;3.9552212;8.8777
0;92703;-2.27928;4.0318356;9.040505
0;92753;-2.1452048;3.8786068;9.155427
0;92804;-2.2601264;3.8977604;9.126697
0;92853;-2.1739352;4.098873;9.002198
0;92903;-2.4708161;3.8881836;9.069236
0;92953;-2.1164744;4.0892963;9.069236
0;93001;-2.2601264;4.4244847;8.963891
0;93053;-2.2601264;4.5298295;8.858546
0;93103;-2.4133554;4.2904096;9.212888
0;93153;-2.231396;4.309563;9.308656
0;93203;-2.0494366;4.7309427;8.734048
0;93253;-2.4037786;4.855441;8.839393
0;93303;-3.8498764;7.28795;9.030929
0;93353;-3.916914;7.5944076;8.322245
0;93403;-4.31914;6.8091097;8.197746
0;93453;-6.3685765;5.21936;11.128249
0;93503;-3.6104562;1.4748282;6.655881
0;93553;-4.414908;3.9456444;7.5561004
0;93603;-3.86903;4.357447;7.249643
0;93653;-4.2521024;6.339846;8.197746
0;93703;-4.4723687;6.5696893;8.073248
0;93753;-4.1946416;6.6271505;7.833828
0;93804;-3.7445314;7.422025;7.2783732
0;93853;-3.0071173;8.925584;7.699753
0;93903;-1.5131354;10.036493;5.2385135
0;93953;-3.8019924;11.520899;5.851429
0;94003;-3.2369606;11.712435;6.1866174
0;94053;-2.873042;2.7102363;10.630256
0;94103;-0.4309563;5.3438582;10.036493
0;94153;-4.1371803;4.0701427;8.513782
0;94203;-2.6240451;3.9264908;8.676587
0;94253;-1.4556746;3.6104562;9.624691
0;94303;-1.9919758;3.7924154;9.404425
0;94353;-2.3463178;4.1371803;9.011775
0;94403;-2.4995465;4.2904096;8.791509
0;94453;-2.2697031;4.146757;8.916007
0;94503;-2.5761611;3.8307228;9.011775
0;94553;-2.5187001;4.0414124;8.954314
0;94603;-2.1739352;3.9360676;9.078813
0;94653;-2.27928;4.0318356;9.069236
0;94703;-2.3654714;3.9552212;9.184157
0;94753;-2.3558946;4.10845;8.983045
0;94803;-2.4133554;4.5394063;8.791509
0;94853;-2.4612393;4.2904096;8.734048
0;94903;-2.3558946;4.7309427;8.599973
0;94953;-3.371036;4.3766007;9.433155
0;95003;-2.8443117;4.7884035;9.337387
0;95053;-1.6472107;4.6160207;8.868123
0;95102;-2.432509;5.7843914;9.193734
0;95153;-3.3039982;7.690176;9.595961
0;95203;-3.4859576;7.8529816;7.690176
0;95274;-4.55856;6.531382;11.099519
0;95312;-2.4037786;-0.22026655;6.4547677
0;95349;-4.0318356;1.5227122;7.1347213
0;95401;-4.548983;3.9360676;7.441179
0;95451;-4.0222588;5.861006;8.283937
0;95501;-3.9935284;6.5696893;8.465898
0;95553;-4.912902;7.2209125;8.264784
0;95602;-4.4915223;7.5082164;8.034941
0;95653;-2.6719291;9.490616;8.0445175
0;95703;-2.633622;10.802638;6.6750345
0;95753;-1.5801731;10.620679;5.2480903
0;95804;-3.4955344;10.141838;5.717354
0;95853;-4.951209;7.603985;11.827356
0;95903;0.8714894;5.602432;9.816227
0;95953;-1.0247183;3.514688;9.528923
0;96003;-4.453215;4.10845;8.6095495
0;96053;-1.3120226;3.5338416;9.557653
0;96103;-2.2026656;3.514688;9.308656
0;96154;-2.1547816;3.9264908;9.279925
0;96203;-1.9249382;3.8977604;9.174581
0;96253;-2.1547816;3.8307228;8.983045
0;96303;-2.087744;3.8977604;9.002198
0;96353;-2.078167;3.9264908;9.174581
0;96403;-2.1068976;3.8402996;9.078813
0;96453;-1.9632454;3.964798;9.165004
0;96503;-2.1547816;4.1371803;9.021352
0;96553;-2.231396;3.8881836;9.232041
0;96603;-1.9153614;4.1946416;9.097966
0;96653;-2.6144683;3.8977604;9.155427
0;96703;-3.5338416;4.2521024;9.749189
0;96753;-0.78529817;3.8881836;9.069236
0;96803;-1.0821792;4.55856;9.126697
0;96853;-3.6774938;4.912902;9.701305
0;96903;-3.8786068;6.7803793;9.730036
0;96953;-2.8538885;6.7708025;7.4986396
0;97005;-3.371036;1.3982137;8.66701
0;97053;-3.1890767;1.4748282;7.0581064
0;97103;-4.453215;3.323152;7.929596
0;97169;-4.1371803;3.572149;7.5944076
0;97202;-4.1276035;5.2385135;8.523358
0;97250;-4.0318356;5.6982;8.437167
0;97300;-4.1180267;6.847417;8.724471
0;97350;-3.2369606;8.360553;7.479486
0;97400;-2.8443117;10.477027;8.130709
0;97452;-0.7565677;10.304645;3.8786068
0;97504;-3.86903;10.97502;5.2289367
0;97553;-1.2162545;7.776367;10.093954
0;97604;-2.27928;5.2385135;9.184157
0;97653;-0.79487497;4.280833;9.078813
0;97703;-3.0550013;3.7349546;8.810662
0;97753;-2.0494366;3.6774938;9.3661175
0;97803;-1.8866309;3.86903;9.165004
0;97853;-2.1452048;3.9073372;9.165004
0;97903;-2.3080103;3.9743748;9.126697
0;97953;-2.1643584;3.9073372;9.155427
0;98003;-2.4708161;4.261679;9.069236
0;98053;-2.3750482;4.2999864;8.801085
0;98103;-2.432509;4.4915223;8.7532015
0;98153;-2.0685902;4.4915223;8.772355
0;98203;-2.4037786;4.7500963;8.63828
0;98254;-2.432509;4.8267107;8.494628
0;98304;-2.5761611;5.0757074;8.42759
0;98353;-2.4995465;5.0182467;8.312668
0;98403;-1.6280571;5.094861;8.274361
0;98453;-3.2273839;5.391742;9.241618
0;98503;-1.9919758;5.2289367;8.552089
0;98553;-3.0454245;6.435614;8.6574335
0;98603;-3.6391866;7.517793;7.9008656
0;98654;-3.86903;7.441179;7.249643
0;98703;-3.6966474;8.350976;6.3111157
0;98753;-7.383718;6.991069;11.425131
0;98804;-3.9456444;2.5378537;8.24563
0;98853;-4.280833;3.7253778;7.479486
0;98903;-4.807557;4.414908;7.249643
0;98953;-4.8362875;5.094861;7.536947
0;99003;-4.5394063;7.086837;8.628703
0;99053;-4.5394063;7.4124484;8.303091
0;99117;-4.721366;8.322245;7.2592196
0;99152;-3.4380736;9.490616;7.07726
0;99201;-1.2641385;11.932701;6.8186865
0;99252;-0.15322891;10.208876;4.1180267
0;99302;-0.9768343;10.28549;4.903325
0;99352;-6.655881;3.0933087;10.371682
0;99402;1.3790601;2.1452048;9.9790325
0;99453;-1.5131354;3.3806129;9.433155
0;99503;-4.0222588;4.721366;8.264784
0;99553;-2.030283;3.7541082;9.097966
0;99604;-2.0111294;4.146757;9.078813
0;99653;-2.767697;3.964798;9.155427
0;99703;-2.0494366;4.0797195;9.030929
0;99753;-2.27928;3.6870706;9.136273
0;99804;-2.3558946;3.8498764;8.992621
0;99853;-2.27928;3.916914;9.050082
0;99903;-2.2122424;3.5817258;9.299079
0;99954;-2.2122424;3.7924154;9.212888
0;100003;-2.1739352;3.7541082;9.184157
0;100053;-2.27928;3.916914;9.050082
0;100103;-2.1739352;3.9743748;9.394848
0;100152;-2.2601264;3.8977604;9.394848
0;100203;-2.384625;4.271256;9.500193
0;100253;-2.6431987;3.6774938;9.56723
0;100304;-2.27928;4.1371803;9.174581
0;100353;-2.1068976;4.5777135;8.954314
0;100403;-2.920926;5.2959743;10.189722
0;100453;-4.7884035;7.632715;8.686164
0;100503;-3.9552212;7.872135;6.8186865
0;100553;-5.171476;2.6240451;8.255207
0;100603;-2.2218192;-0.30645782;5.0182467
0;100653;-3.9073372;3.9456444;7.201759
0;100703;-3.5625722;5.631162;7.5944076
0;100753;-3.7924154;6.6846113;8.197746
0;100804;-3.8786068;8.24563;8.820239
0;100864;-3.667917;7.967903;7.8529816
0;100899;-2.681506;10.1226845;7.469909
0;100949;-2.0207062;12.717999;7.374141
0;101000;-0.8331822;10.927136;4.2521024
0;101051;-4.0701427;8.1402855;7.5082164
0;101104;-6.742072;1.5035586;10.70687
0;101153;-1.8100165;2.96881;9.950302
0;101203;-1.3503298;2.9783869;9.270349
0;101253;-3.5338416;3.9839516;8.580819
0;101303;-2.566584;3.5625722;9.088389
0;101353;-2.5570073;3.964798;9.088389
0;101403;-2.5187001;4.098873;9.002198
0;101453;-2.4995465;3.667917;9.088389
0;101503;-2.2601264;3.7349546;9.069236
0;101553;-2.5474305;3.7445314;9.030929
0;101603;-2.4612393;3.8019924;9.078813
0;101653;-2.4229321;3.763685;9.097966
0;101703;-2.3463178;3.620033;9.279925
0;101753;-2.6527755;3.916914;9.11712
0;101804;-2.6144683;3.7924154;9.165004
0;101853;-2.767697;4.0222588;9.097966
0;101903;-2.528277;4.232949;8.973468
0;101953;-2.633622;4.0701427;8.676587
0;102003;-3.7253778;4.10845;9.337387
0;102054;-3.3518825;4.280833;9.423578
0;102103;-2.7868507;4.596867;9.11712
0;102153;-3.916914;5.8705826;9.672575
0;102201;-4.367024;6.751649;8.676587
0;102287;-2.5091233;7.489063;7.2783732
0;102303;-8.686164;7.4507556;13.330915
0;102353;-2.7006595;-0.019153614;5.7269306
0;102403;-4.6830587;2.5953147;7.5082164
0;102453;-4.414908;4.4819455;6.885724
0;102503;-4.7788267;6.0716953;7.6614456
0;102553;-5.085284;7.6710224;8.37013
0;102603;-4.855441;8.839393;7.603985
0;102653;-4.6926355;9.902418;7.785944
0;102703;-1.4939818;12.6222315;6.6271505
0;102753;-1.2449849;12.315774;6.081272
0;102803;-2.384625;10.496181;5.1235914
0;102853;-6.253655;5.4779334;10.132261
0;102903;3.064578;4.711789;9.643845
0;102960;-2.3175871;3.4476504;9.040505
0;103001;-3.8786068;4.309563;8.590396
0;103054;-1.8195933;3.41892;9.155427
0;103103;-1.9153614;3.514688;9.3182335
0;103153;-2.3750482;4.185065;9.088389
0;103203;-2.5474305;3.9073372;9.088389
0;103253;-2.6527755;3.6870706;8.944737
0;103303;-2.3942018;3.916914;8.944737
0;103353;-2.4037786;3.821146;9.059659
0;103403;-2.2218192;3.7253778;9.193734
0;103453;-2.3558946;3.7445314;9.260772
0;103503;-2.3750482;3.8881836;9.069236
0;103553;-2.4899697;3.9456444;9.040505
0;103603;-2.5187001;4.0222588;8.992621
0;103653;-2.6048915;4.3287168;8.829816
0;103703;-2.4612393;4.175488;8.887277
0;103753;-2.681506;4.3766007;9.078813
0;103803;-3.4093432;4.003105;9.414001
0;103853;-2.480393;4.596867;9.040505
0;103903;-2.6431987;4.55856;9.021352
0;103953;-3.5913026;5.7269306;9.624691
0;104003;-4.0701427;7.0964136;8.599973
0;104053;-3.7828386;7.776367;7.2113357
0;104103;-7.07726;6.3111157;13.493721
0;104153;-3.8594532;0;6.5122285
0;104203;-4.759673;2.3463178;8.082825
0;104253;-4.223372;4.453215;7.517793
0;104303;-4.4436383;5.305551;7.824251
0;104353;-4.7405195;6.7133417;9.088389
0;104403;-4.4723687;7.632715;9.050082
0;104453;-3.122039;10.093954;8.178593
0;104503;-1.4939818;14.15452;6.445191
0;104553;0.63206923;11.789049;2.777274
0;104603;-2.7964275;4.414908;5.7365074
0;104653;-7.651869;2.336741;11.042058
0;104703;-1.541866;2.96881;10.218452
0;104754;-3.8402996;4.3957543;8.542512
0;104803;-3.2752678;3.2561142;8.810662
0;104853;-2.8634653;3.7253778;9.050082
0;104903;-2.767697;4.280833;9.011775
0;104953;-2.3463178;3.9264908;9.126697
0;105002;-2.681506;3.7349546;8.983045
0;105051;-2.5474305;4.1659107;8.762778
0;105103;-2.873042;3.8019924;8.8777
0;105153;-2.585738;3.8594532;8.983045
0;105203;-2.633622;3.7924154;9.069236
0;105253;-2.6431987;4.1276035;8.90643
0;105303;-2.9496565;3.8307228;8.896853
0;105353;-2.8921957;4.0701427;8.829816
0;105403;-2.4516625;4.1180267;9.040505
0;105453;-2.9017725;4.3478703;8.781932
0;105503;-2.8060043;4.232949;8.887277
0;105553;-3.3039982;4.4819455;9.155427
0;105603;-3.1124623;4.185065;9.097966
0;105653;-3.5625722;4.6830587;9.126697
0;105704;-4.759673;6.540959;10.065224
0;105753;-5.544971;8.00621;8.992621
0;105803;-3.6296098;3.466804;12.880805
0;105853;-3.323152;-0.9864111;8.130709
0;105903;-4.003105;1.1683705;7.747637
0;105953;-3.6583402;2.6144683;8.101978
0;106004;-2.6527755;4.721366;8.858546
0;106053;-3.715801;6.1004257;9.3182335
0;106103;-4.4340615;6.1004257;9.011775
0;106153;-3.2561142;9.662998;8.485051
0;106203;-1.4173675;11.386824;7.5944076
0;106253;-1.6184803;11.789049;7.6231384
0;106303;-0.02873042;10.898406;5.2480903
0;106353;-3.0550013;9.260772;7.0485296
0;106404;-3.3423057;-0.29688102;10.419566
0;106453;-1.1971009;3.0933087;9.279925
0;106503;-2.231396;4.0701427;9.155427
0;106553;-2.96881;3.2369606;8.791509
0;106603;-1.8483237;3.7732618;9.481039
0;106653;-2.4229321;3.7349546;9.165004
0;106703;-2.0015526;3.9073372;9.289502
0;106753;-2.4516625;3.6774938;9.193734
0;106803;-2.1164744;3.8115692;9.212888
0;106852;-2.4612393;4.223372;8.992621
0;106901;-2.566584;4.271256;8.8777
0;106953;-2.2888567;4.3287168;8.839393
0;107003;-2.3463178;4.185065;8.916007
0;107053;-1.8483237;4.453215;8.66701
0;107103;-2.7006595;4.7309427;8.66701
0;107153;-2.566584;4.4436383;8.791509
0;107203;-2.1260512;4.865018;8.532935
0;107253;-2.2888567;4.4436383;8.772355
0;107303;-3.0358477;4.8937483;8.858546
0;107353;-1.7525556;5.4204726;8.236053
0;107403;-2.719813;5.506664;8.073248
0;107453;-3.5434184;6.1195793;8.303091
0;107503;-4.1276035;6.4164605;8.714894
0;107553;-4.146757;7.07726;8.676587
0;107603;-1.7142484;8.293514;5.765238
0;107653;-4.721366;6.799533;8.647857
0;107703;-1.4939818;0.641646;5.7365074
0;107753;-2.2218192;1.4748282;6.042965
0;107803;-4.1276035;4.146757;7.690176
0;107853;-3.916914;4.3766007;7.4507556
0;107903;-4.5872903;5.9567738;9.126697
0;107953;-3.8498764;7.6231384;8.485051
0;108003;-4.3766007;8.801085;8.293514
0;108053;-1.2258313;13.302185;6.6175733
0;108103;-1.6280571;13.426683;6.0142345
0;108153;-2.5953147;10.773908;4.855441
0;108203;-5.8226986;5.094861;9.921572
0;108253;1.2641385;3.6391866;9.32781
0;108303;-2.0015526;3.916914;9.251195
0;108353;-2.7485435;4.8362875;8.829816
0;108403;-1.9728222;3.0933087;9.3661175
0;108453;-1.685518;3.6487634;9.279925
0;108503;-2.7964275;3.916914;9.11712
0;108553;-2.834735;3.6966474;9.107543
0;108603;-2.6910827;3.5242648;9.097966
0;108653;-2.3463178;3.86903;9.021352
0;108703;-2.336741;3.916914;9.030929
0;108753;-2.4516625;3.8786068;9.11712
0;108803;-2.480393;3.8115692;9.136273
0;108852;-2.3175871;4.156334;8.935161
0;108902;-2.777274;4.453215;8.686164
0;108953;-2.920926;4.261679;8.734048
0;109003;-2.384625;4.7788267;8.561666
0;109053;-2.4420857;4.510676;8.504205
0;109103;-3.5434184;4.3478703;9.414001
0;109153;-3.064578;5.046977;9.212888
0;109203;-2.6048915;5.0661306;9.078813
0;109253;-3.763685;7.517793;8.791509
0;109303;-3.3997664;7.086837;8.781932
0;109352;-2.327164;8.350976;6.7803793
0;109403;-5.3438582;6.981492;11.530476
0;109453;-1.7238252;0.22984336;5.592855
0;109503;-4.548983;4.4340615;7.28795
0;109553;-4.673482;4.510676;6.7229185
0;109604;-4.596867;6.4643445;7.6231384
0;109653;-4.8267107;7.517793;8.39886
0;109703;-4.9799395;8.561666;7.575254
0;109753;-4.367024;9.299079;7.8146744
0;109804;-1.8962077;10.323798;7.690176
0;109853;-1.9249382;10.429143;6.5505357
0;109903;-0.40222588;10.381259;4.999093
0;109953;-6.799533;5.3438582;11.358093
0;110003;-3.9935284;1.388637;9.691729
0;110053;-1.2258313;3.3039982;10.141838
0;110103;-3.763685;3.821146;8.791509
0;110153;-3.4763808;3.6008794;8.762778
0;110203;-2.1739352;3.5051112;9.212888
0;110253;-2.7102363;3.6966474;9.260772
0;110303;-2.681506;3.8115692;9.155427
0;110353;-2.6719291;3.4572272;9.136273
0;110403;-2.3175871;3.8498764;8.973468
0;110453;-2.8538885;3.8019924;8.944737
0;110503;-2.6431987;3.8402996;9.050082
0;110553;-2.825158;3.7924154;8.992621
0;110604;-2.7868507;3.7732618;9.050082
0;110654;-2.96881;3.8498764;8.992621
0;110702;-2.9783869;3.9743748;8.983045
0;110754;-2.5091233;4.1180267;9.050082
0;110804;-2.4037786;4.213795;8.896853
0;110855;-2.9017725;4.271256;9.193734
0;110920;-2.6719291;4.1371803;9.251195
0;110954;-2.4037786;4.7788267;8.983045
0;111003;-3.1411927;4.9416323;9.3182335
0;111053;-4.903325;7.73806;8.983045
0;111103;-3.7732618;7.3166804;7.201759
0;111153;-7.2592196;5.315128;12.871228
0;111203;-3.3135753;0.4405331;7.297527
0;111253;-4.3382936;2.2697031;7.422025
0;111303;-4.098873;3.265691;7.517793
0;111353;-3.9552212;5.4779334;8.197746
0;111403;-4.156334;6.8186865;8.762778
0;111453;-4.654328;7.4986396;8.734048
0;111503;-4.0892963;10.036493;8.829816
0;111553;-3.620033;8.446744;7.479486
0;111603;-1.4077905;9.691729;6.742072
0;111653;-1.484405;9.662998;5.7748146
0;111703;-2.384625;10.649409;6.943185
0;111753;-2.0685902;-0.1436521;9.998186
0;111804;0.33518824;4.309563;9.653421
0;111853;-1.6280571;3.3901896;9.203311
0;111903;-4.10845;3.572149;8.7053175
0;111953;-2.0207062;3.466804;9.394848
0;112003;-2.8921957;4.357447;8.829816
0;112053;-2.6910827;3.8786068;9.203311
0;112103;-3.0358477;3.8594532;8.896853
0;112153;-3.0262709;3.8498764;8.772355
0;112203;-3.074155;3.9743748;8.781932
0;112253;-3.0262709;4.1276035;8.772355
0;112303;-3.3806129;4.1371803;8.619126
0;112353;-3.0071173;4.405331;8.552089
0;112403;-2.8443117;4.5202527;8.571242
0;112453;-3.5529952;4.4915223;8.494628
0;112503;-3.016694;4.5298295;8.532935
0;112553;-2.8443117;4.4819455;8.676587
0;112603;-3.0933087;4.55856;8.7532015
0;112653;-3.1986535;4.405331;8.954314
0;112701;-3.016694;4.7405195;8.791509
0;112751;-3.0550013;5.2863975;8.676587
0;112804;-2.777274;5.0661306;9.634268
0;112853;-4.357447;7.0581064;9.471462
0;112903;-4.271256;6.9144545;7.632715
0;112953;-8.1881695;6.8761473;13.244724
0;113003;-4.462792;2.2697031;8.7053175
0;113053;-4.510676;1.7908629;7.0102224
0;113103;-4.2042184;3.3806129;6.7803793
0;113153;-4.6160207;5.4779334;7.795521
0;113202;-4.6160207;6.4164605;8.236053
0;113252;-4.548983;8.226477;8.619126
0;113300;-4.146757;11.013328;8.236053
0;113351;-2.96881;11.779472;8.236053
0;113401;-0.8810662;10.333375;5.9567738
0;113451;-2.2122424;10.496181;5.4300494
0;113504;-9.030929;4.807557;12.172121
0;113554;2.4516625;6.1770406;9.758766
0;113603;-2.72939;2.4420857;10.04607
0;113653;-3.3135753;4.903325;8.772355
0;113703;-2.873042;3.5817258;9.011775
0;113753;-2.135628;3.3423057;9.299079
0;113803;-2.5570073;3.8307228;9.212888
0;113853;-2.8060043;3.8019924;9.174581
0;113903;-2.6527755;3.5051112;9.059659
0;113953;-2.336741;3.6104562;9.050082
0;114003;-2.815581;3.8115692;9.021352
0;114053;-2.5570073;3.7732618;9.050082
0;114103;-2.3175871;3.7924154;9.155427
0;114153;-2.72939;3.7445314;9.174581
0;114203;-2.4516625;4.1276035;9.002198
0;114253;-2.6048915;3.86903;9.078813
0;114303;-2.566584;4.232949;8.954314
0;114353;-2.231396;4.232949;8.820239
0;114403;-2.4420857;4.2425256;8.868123
0;114453;-2.777274;4.3766007;9.586384
0;114503;-2.27928;4.596867;8.896853
0;114553;-2.2601264;4.7500963;9.14585
0;114603;-5.0661306;7.7667904;9.548077
0;114653;-4.673482;7.2113357;8.456321
0;114703;-7.1059904;6.0046577;13.01488
0;114753;-6.789956;1.5705963;10.70687
0;114803;-3.7828386;1.0055647;6.042965
0;114853;-4.309563;3.5051112;7.9104424
0;114903;-3.7924154;4.8937483;8.159439
0;114953;-4.721366;6.3111157;8.896853
0;115003;-4.999093;6.579266;8.839393
0;115053;-4.0797195;6.339846;8.149862
0;115103;-1.6567876;10.716447;8.312668
0;115153;-3.6870706;10.151415;7.1730285
0;115203;0.82360536;11.042058;4.2042184
0;115262;-1.7142484;10.362105;4.960786
0;115301;-6.885724;1.0726024;10.726024
0;115353;2.566584;3.8019924;9.883265
0;115403;-2.0494366;3.7828386;9.078813
0;115453;-3.7349546;3.6583402;8.743625
0;115503;-2.0685902;3.5051112;9.232041
0;115553;-2.566584;3.8307228;9.14585
0;115603;-2.4516625;3.86903;9.251195
0;115653;-2.5187001;3.4284968;9.078813
0;115703;-2.4899697;3.572149;8.916007
0;115753;-2.2218192;3.620033;9.3182335
0;115804;-2.72939;3.667917;9.078813
0;115853;-2.3558946;3.620033;9.241618
0;115903;-2.384625;3.6870706;9.174581
0;115953;-2.6144683;3.7732618;9.050082
0;116003;-2.480393;3.7924154;9.126697
0;116053;-2.4420857;4.0414124;9.088389
0;116103;-2.4133554;3.8786068;9.097966
0;116153;-2.7102363;4.4340615;8.791509
0;116203;-3.1890767;4.098873;9.088389
0;116253;-2.480393;4.405331;8.983045
0;116303;-2.1930888;4.414908;8.887277
0;116353;-3.1986535;4.8458643;9.030929
0;116403;-5.363012;7.469909;10.065224
0;116453;-5.00867;6.895301;9.107543
0;116503;-5.4779334;6.339846;10.036493
0;116553;-7.393295;4.3766007;11.971008
0;116603;-3.2944214;1.1204864;6.8091097
0;116652;-4.5298295;3.514688;8.293514
0;116703;-3.8019924;3.5434184;6.5505357
0;116753;-4.271256;6.3206925;8.599973
0;116803;-3.9839516;7.067683;8.552089
0;116853;-4.9895163;8.312668;8.829816
0;116903;-4.0892963;8.983045;8.111555
0;116953;-2.3175871;10.180145;6.6079965
0;117003;-1.283292;11.415554;4.903325
0;117053;-1.0821792;10.247183;3.4380736
0;117103;-10.132261;4.280833;12.6222315
0;117152;2.8538885;1.0821792;9.691729
0;117203;-1.3599066;4.2904096;9.519346
0;117253;-2.882619;3.3518825;8.935161
0;117303;-2.566584;3.6296098;8.896853
0;117353;-2.4708161;3.4284968;9.356541
0;117403;-3.1316159;3.8498764;8.992621
0;117453;-2.72939;3.7732618;9.040505
0;117503;-3.016694;3.466804;8.944737
0;117553;-2.4229321;3.7062242;9.050082
0;117603;-2.2888567;3.6870706;9.165004
0;117653;-2.5091233;3.667917;9.165004
0;117703;-2.3558946;3.667917;9.14585
0;117753;-2.4995465;3.7541082;9.097966
0;117803;-2.6431987;3.763685;9.136273
0;117853;-2.4612393;3.6008794;9.279925
0;117903;-2.4037786;3.9073372;9.126697
0;117953;-2.4899697;3.9456444;8.935161
0;118003;-3.1124623;4.0414124;9.260772
0;118053;-2.528277;4.1180267;9.030929
0;118103;-2.27928;4.5202527;8.695741
0;118154;-3.6966474;4.4244847;9.155427
0;118210;-5.267244;7.441179;9.883265
0;118252;-4.6255975;6.991069;8.619126
0;118300;-4.7405195;6.751649;8.236053
0;118349;-6.7708025;4.1659107;12.239159
0;118400;-3.169923;1.2354081;6.5026517
0;118451;-3.9073372;2.777274;7.489063
0;118502;-3.514688;3.8786068;7.785944
0;118553;-3.6774938;6.540959;9.56723
0;118603;-3.9073372;6.789956;9.299079
0;118653;-4.003105;5.7269306;7.383718
0;118703;-3.9839516;9.136273;9.193734
0;118753;-0.7565677;10.0748005;6.445191
0;118803;-0.8523358;10.67814;5.45878
0;118853;-3.4093432;8.973468;6.0142345
0;118920;-1.6184803;1.9536686;9.9790325
0;118952;-3.667917;1.2258313;9.643845
0;119002;-1.3024458;3.6966474;9.950302
0;119049;-3.1124623;3.9743748;8.801085
0;119099;-2.4516625;3.5434184;8.992621
0;119153;-1.685518;3.2848446;9.32781
0;119202;-2.882619;3.86903;9.299079
0;119253;-2.3558946;4.098873;9.050082
0;119303;-2.6719291;3.371036;9.155427
0;119353;-2.2218192;3.8977604;9.059659
0;119403;-2.4516625;3.8115692;9.107543
0;119453;-2.4037786;3.6966474;9.107543
0;119503;-2.432509;3.763685;9.174581
0;119553;-2.1643584;3.7062242;9.165004
0;119604;-2.6719291;4.0222588;9.030929
0;119653;-2.7485435;3.916914;9.059659
0;119703;-2.767697;3.964798;8.896853
0;119753;-2.6527755;4.414908;8.676587
0;119804;-3.3806129;4.003105;9.059659
0;119853;-2.9400797;4.050989;9.078813
0;119903;-2.480393;4.405331;8.887277
0;119953;-4.405331;5.5737014;9.691729
0;120003;-5.66947;7.5944076;9.720459
0;120053;-4.453215;7.038953;6.9527617
0;120103;-7.728483;5.7269306;12.516887
0;120153;-4.462792;3.1028855;8.820239
0;120203;-4.711789;1.8579005;7.2113357
0;120253;-4.6160207;2.9400797;7.3549876
0;120303;-4.223372;4.7979803;7.872135
0;120352;-4.003105;6.033388;8.66701
0;120401;-3.8498764;7.632715;8.781932
0;120453;-4.2999864;11.109096;8.274361
0;120503;-1.9728222;12.976573;8.101978
0;120553;0.4309563;12.11466;4.175488
0;120603;0.076614454;10.496181;3.7253778
0;120653;-8.523358;9.174581;7.5561004
0;120703;-1.0726024;4.76925;8.772355
0;120753;-0.641646;4.5681367;9.337387
0;120804;-3.323152;3.6583402;8.935161
0;120870;-2.0494366;3.323152;9.184157
0;120900;-2.3558946;3.763685;9.394848
0;120950;-2.2601264;3.6966474;9.394848
0;121000;-2.7006595;3.5817258;9.174581
0;121050;-1.9153614;3.7541082;9.097966
0;121101;-2.0207062;3.7828386;9.203311
0;121153;-2.4612393;3.7253778;9.222465
0;121203;-2.231396;3.5529952;9.394848
0;121253;-2.2026656;3.9552212;9.212888
0;121303;-2.3175871;4.2521024;9.050082
0;121353;-1.9728222;3.916914;8.896853
0;121403;-1.9632454;4.10845;8.973468
0;121453;-1.8770541;3.6966474;9.615114
0;121503;-2.5187001;3.8402996;10.304645
0;121553;-3.083732;3.8786068;10.46745
0;121603;-3.8402996;7.144298;10.25676
0;121653;-3.8594532;0.39264908;9.844957
0;121703;-3.1411927;-0.48841715;8.925584
0;121753;-2.633622;0.842759;10.170568
0;121803;-2.9879637;1.5131354;9.892841
0;121853;-3.4476504;3.7732618;9.624691
0;121903;-3.5817258;4.7022123;9.452309
0;121953;-4.0414124;6.5505357;9.069236
0;122003;-3.7541082;7.5082164;7.2304893
0;122053;-3.016694;7.8625584;6.5218053
0;122103;-2.6431987;8.322245;5.6120086
0;122153;-2.336741;9.615114;6.1195793
0;122204;-1.3024458;8.7053175;5.439626
0;122254;-1.4077905;9.241618;5.2289367
0;122303;-4.2904096;-2.4420857;10.103531
0;122352;-1.1683705;3.0071173;9.3661175
0;122404;-2.6048915;2.7389667;9.404425
0;122454;-4.0892963;2.5761611;8.896853
0;122503;-3.1986535;1.3503298;8.983045
0;122553;-3.6487634;4.1371803;8.446744
0;122604;-2.834735;4.1180267;9.212888
0;122654;-2.767697;3.7062242;9.030929
0;122703;-1.9249382;3.1986535;9.356541
0;122753;-2.3463178;3.1316159;9.260772
0;122804;-2.336741;3.7541082;9.078813
0;122853;-2.4420857;3.6296098;9.289502
0;122903;-2.5761611;3.41892;9.423578
0;122952;-2.2218192;3.7445314;9.289502
0;123001;-2.2026656;3.7062242;9.260772
0;123053;-3.4955344;4.0414124;9.059659
0;123103;-2.777274;3.6966474;9.136273
0;123153;-3.0262709;3.5913026;9.461885
0;123203;-3.572149;4.31914;9.423578
0;123259;-4.261679;4.999093;9.586384
0;123303;-3.620033;6.531382;8.686164
0;123354;-4.7884035;3.4763808;10.860099
0;123403;-2.8921957;-0.047884032;7.8912888
0;123453;-2.9975405;1.091756;8.149862
0;123504;-3.2848446;2.3942018;8.101978
0;123553;-2.7485435;4.8362875;9.222465
0;123603;-2.930503;5.315128;9.299079
0;123653;-3.8307228;5.2480903;8.772355
0;123703;-2.9113493;5.9759274;8.494628
0;123753;-2.8443117;9.864111;8.801085
0;123803;-0.8619126;9.844957;5.707777
0;123854;-0.51714754;9.710882;4.9320555
0;123910;-8.7532015;9.911995;8.494628
0;123953;-1.1779473;-3.1316159;11.042058
0;124000;-1.436521;3.0454245;9.672575
0;124051;-3.8402996;3.514688;8.848969
0;124101;-1.8483237;3.1411927;9.3182335
0;124151;-2.2984335;3.4093432;9.605537
0;124203;-2.4899697;3.667917;9.308656
0;124254;-2.7581203;3.6008794;9.337387
0;124303;-3.1507695;3.6391866;9.251195
0;124353;-2.6144683;4.1180267;8.714894
0;124404;-2.6048915;4.271256;8.676587
0;124453;-2.6048915;4.4340615;8.66701
0;124503;-2.834735;4.3478703;8.714894
0;124553;-2.7581203;4.8937483;8.465898
0;124603;-2.6623523;4.7788267;8.695741
0;124653;-2.27928;4.7022123;8.829816
0;124715;-2.1260512;4.912902;8.801085
0;124751;-2.528277;4.76925;9.481039
0;124801;-2.9783869;4.8267107;9.950302
0;124853;-3.6008794;7.795521;9.414001
0;124903;-2.8443117;6.8282633;7.469909
0;124953;-3.0071173;7.632715;7.0581064
0;125003;-6.4643445;8.42759;12.679692
0;125053;-1.8100165;0.79487497;5.267244
0;125103;-3.8115692;4.548983;7.929596
0;125153;-3.7445314;4.7405195;7.4124484
0;125203;-4.510676;7.431602;8.686164
0;125253;-4.367024;7.479486;8.475474
0;125303;-4.453215;8.494628;9.107543
0;125353;-3.8881836;8.42759;8.647857
0;125403;-2.2697031;8.848969;7.383718
0;125453;-2.183512;9.720459;6.4260373
0;125503;-1.2737153;8.8777;5.1235914
0;125553;-5.142745;7.8146744;7.9391727
0;125603;-9.203311;8.676587;9.500193
0;125653;-0.5554548;3.8786068;9.270349
0;125703;-2.2026656;4.0797195;9.605537
0;125752;-3.572149;3.6583402;8.973468
0;125803;-1.6089035;3.2082303;9.385271
0;125853;-1.8579005;3.667917;9.356541
0;125903;-2.96881;3.6966474;9.299079
0;125953;-2.585738;3.5913026;9.11712
0;126003;-2.825158;3.3327289;9.030929
0;126053;-2.4133554;3.5242648;9.203311
0;126103;-2.3654714;3.4955344;9.174581
0;126153;-2.4133554;3.4763808;9.279925
0;126203;-2.3175871;3.5913026;9.193734
0;126253;-2.528277;3.5817258;9.14585
0;126303;-2.480393;3.5529952;9.260772
0;126353;-2.3558946;3.6104562;9.423578
0;126403;-1.9153614;3.9456444;9.184157
0;126453;-3.3135753;3.8115692;9.452309
0;126503;-2.585738;4.3287168;8.925584
0;126553;-2.6623523;4.10845;8.858546
0;126603;-3.2944214;4.8841715;9.030929
0;126653;-5.1810527;7.297527;10.448297
0;126703;-4.912902;6.6367273;9.423578
0;126753;-3.265691;7.345411;6.531382
0;126802;-7.383718;4.8745947;12.957419
0;126853;-3.0358477;-0.1340753;6.167464
0;126903;-3.821146;1.388637;7.2783732
0;126953;-3.763685;3.8402996;8.082825
0;127003;-4.7405195;6.703765;8.7532015
0;127053;-5.094861;7.9487495;8.561666
0;127103;-3.6296098;11.358093;6.7708025
0;127153;-2.2888567;13.761871;6.799533
0;127203;-0.047884032;13.464991;2.7102363
0;127253;-3.9264908;13.139379;4.855441
0;127303;3.5817258;-1.4173675;10.783484
0;127353;-2.6431987;2.5474305;9.433155
0;127403;-4.223372;4.357447;8.6095495
0;127453;-1.8674773;3.3039982;9.423578
0;127503;-2.480393;3.217807;9.050082
0;127553;-2.4995465;3.8115692;9.155427
0;127603;-2.7389667;3.2752678;9.433155
0;127653;-2.9496565;3.6487634;9.059659
0;127703;-2.882619;3.4955344;9.011775
0;127753;-2.7964275;3.8115692;8.916007
0;127802;-2.135628;3.4955344;9.270349
0;127853;-2.3942018;3.5338416;9.251195
0;127903;-2.5474305;3.916914;9.107543
0;127953;-2.5761611;3.9552212;9.040505
0;128003;-2.4516625;4.1946416;8.925584
0;128053;-2.432509;4.1371803;8.954314
0;128103;-2.6240451;4.280833;9.002198
0;128153;-2.0590134;4.3861775;8.992621
0;128203;-2.2122424;4.156334;9.414001
0;128260;-2.9496565;4.9895163;8.992621
0;128303;-3.8786068;7.1251445;9.883265
0;128353;-3.217807;7.517793;9.078813
0;128403;-3.6583402;6.435614;8.39886
0;128453;-6.6367273;4.865018;13.321339
0;128503;-2.528277;0.038307227;6.789956
0;128553;-3.4476504;3.9264908;8.073248
0;128603;-3.821146;4.4340615;8.111555
0;128653;-4.012682;5.995081;8.42759
0;128703;-4.6160207;6.847417;8.42759
0;128753;-5.056554;8.944737;7.9583263
0;128803;-3.2561142;8.619126;6.6367273
0;128853;-2.5091233;9.672575;7.192182
0;128903;-2.087744;8.695741;6.14831
0;128953;-2.0494366;8.590396;5.6790466
0;129004;-6.081272;9.720459;9.701305
0;129053;-4.9416323;3.3518825;9.414001
0;129103;-1.1683705;5.631162;9.528923
0;129153;-3.2848446;3.1316159;8.858546
0;129203;-3.4476504;3.7924154;8.580819
0;129253;-1.9536686;3.2082303;9.548077
0;129303;-2.815581;3.7445314;9.308656
0;129353;-2.815581;3.5242648;9.299079
0;129403;-2.480393;3.4284968;9.279925
0;129453;-2.6431987;3.3518825;9.241618
0;129503;-2.9113493;4.0318356;8.839393
0;129553;-3.217807;3.8402996;8.887277
0;129604;-2.432509;3.9935284;8.983045
0;129653;-2.6144683;3.8786068;8.992621
0;129703;-2.8634653;4.2999864;8.810662
0;129752;-2.8538885;4.050989;8.801085
0;129802;-2.7581203;4.280833;8.791509
0;129850;-2.4420857;4.175488;9.030929
0;129901;-3.0262709;4.501099;9.260772
0;129951;-1.934515;4.280833;8.7532015
0;130001;-1.6663644;4.232949;8.791509
0;130054;-3.6104562;5.2959743;9.3661175
0;130104;-6.4547677;8.0445175;9.481039
0;130153;-5.631162;6.253655;8.0924015
0;130203;-7.642292;4.9799395;10.132261
0;130253;-7.4507556;5.746084;11.089942
0;130303;-4.453215;0.62249243;6.0525417
0;130353;-4.6160207;3.5817258;7.345411
0;130404;-3.5051112;5.21936;7.1730285
0;130453;-4.8267107;6.3781533;8.504205
0;130503;-4.9416323;7.0964136;8.475474
0;130553;-4.3766007;8.523358;7.086837
0;130603;-2.7389667;11.128249;7.536947
0;130653;-2.777274;11.722012;6.6846113
0;130703;-1.484405;11.568783;4.5681367
0;130753;-7.0102224;8.293514;8.973468
0;130804;-0.29688102;3.1507695;9.730036
0;130886;-1.2258313;4.280833;9.77792
0;130902;-4.0414124;3.8786068;8.781932
0;130950;-2.8921957;3.4093432;8.992621
0;131000;-2.5761611;3.1028855;9.3182335
0;131051;-2.6144683;3.6104562;9.32781
0;131101;-2.5474305;3.6966474;9.222465
0;131153;-2.7485435;3.265691;9.14585
0;131203;-2.6431987;3.3327289;9.165004
0;131253;-2.6431987;3.6008794;9.021352
0;131303;-2.7581203;3.323152;9.241618
0;131353;-2.3750482;3.3423057;9.394848
0;131403;-2.7006595;3.6583402;9.203311
0;131453;-2.6431987;3.763685;9.011775
0;131503;-2.7006595;3.763685;9.078813
0;131553;-2.585738;4.1276035;8.935161
0;131603;-2.8443117;4.0701427;8.944737
0;131653;-4.0222588;4.003105;9.433155
0;131703;-2.8060043;4.185065;9.356541
0;131753;-2.0398598;3.7349546;9.346964
0;131804;-3.0071173;4.9895163;9.662998
0;131853;-4.903325;7.1155677;9.414001
0;131903;-3.5913026;6.2632318;7.517793
0;131953;-6.253655;3.0262709;11.616667
0;132003;-3.6487634;0.7086837;7.2783732
0;132053;-2.8443117;2.6240451;6.943185
0;132103;-3.9935284;4.3766007;8.236053
0;132153;-4.2042184;5.171476;8.858546
0;132203;-4.0892963;6.5218053;9.528923
0;132253;-4.0222588;7.2687964;10.151415
0;132303;-2.873042;6.3111157;7.1730285
0;132353;-2.4612393;11.453861;7.7667904
0;132405;-0.63206923;11.827356;6.4260373
0;132452;0.50757074;8.762778;3.217807
0;132504;-2.4133554;4.4915223;8.762778
0;132553;-4.8937483;-1.9632454;11.147403
0;132603;-2.4995465;2.719813;9.653421
0;132653;-2.8634653;3.4476504;8.829816
0;132703;-3.016694;3.2944214;8.820239
0;132753;-2.633622;2.7868507;9.548077
0;132803;-2.2409728;3.763685;9.375694
0;132853;-2.5474305;3.4093432;9.452309
0;132903;-2.566584;3.1986535;9.337387
0;132953;-2.6719291;3.7924154;8.983045
0;133003;-2.8443117;3.7541082;9.021352
0;133053;-2.4995465;3.6391866;9.174581
0;133103;-2.4612393;3.7349546;9.203311
0;133154;-2.5378537;3.9935284;8.973468
0;133203;-2.1739352;4.185065;8.820239
0;133259;-2.681506;3.8115692;9.050082
0;133303;-2.4708161;4.2904096;8.791509
0;133353;-2.825158;4.271256;8.829816
0;133403;-3.2465374;4.5777135;9.069236
0;133453;-3.763685;4.673482;9.423578
0;133504;-2.2697031;3.964798;10.0748005
0;133553;-1.5610195;2.7006595;10.70687
0;133603;-1.6567876;5.4779334;10.658986
0;133653;-0.6991069;6.789956;5.6407394
0;133703;-5.544971;5.3438582;12.440272
0;133753;-2.930503;-0.16280572;6.991069
0;133803;-2.7581203;0.4213795;5.6790466
0;133853;-4.232949;3.916914;7.029376
0;133903;-4.9895163;6.14831;7.9104424
0;133952;-5.717354;7.2304893;8.8777
0;134001;-4.5681367;10.237606;8.485051
0;134054;-3.8402996;12.583924;9.069236
0;134103;-1.1779473;11.951855;4.644751
0;134153;-0.5267244;12.076353;2.5091233
0;134203;-1.7142484;10.103531;10.429143
0;134253;2.27928;7.374141;9.136273
0;134303;-2.6240451;2.9592333;9.576807
0;134353;-2.8921957;3.4476504;8.647857
0;134403;-1.7812861;2.6719291;9.481039
0;134453;-3.0358477;3.5913026;9.337387
0;134503;-2.873042;3.7253778;9.14585
0;134553;-2.825158;3.3614593;9.193734
0;134603;-2.8443117;3.2848446;9.078813
0;134653;-2.528277;3.4284968;9.069236
0;134703;-2.777274;3.1890767;9.279925
0;134753;-2.4708161;3.3423057;9.289502
0;134804;-2.5953147;3.3423057;9.232041
0;134853;-2.7389667;3.3806129;9.222465
0;134902;-2.6144683;3.5242648;9.212888
0;134953;-2.5378537;3.5913026;9.251195
0;135011;-2.9400797;3.5434184;9.3661175
0;135054;-3.3614593;3.1028855;9.3661175
0;135073;-2.9783869;3.7924154;9.404425
0;135093;-2.6048915;3.265691;9.375694
0;135114;-2.0973208;3.821146;9.165004
0;135133;-2.5187001;4.156334;9.56723
0;135153;-3.3901896;3.9073372;9.414001
0;135174;-3.4955344;4.280833;9.471462
0;135193;-3.4284968;3.9552212;9.768343
0;135215;-3.3997664;4.644751;10.180145
0;135234;-3.964798;4.3766007;10.572795
0;135253;-4.9703627;6.7229185;11.492168
0;135273;-5.363012;9.356541;11.616667
0;135294;-3.6583402;5.6790466;9.241618
0;135313;-2.9783869;5.544971;7.642292
0;135333;-2.3750482;7.029376;6.1004257
0;135354;-1.8387469;6.6175733;5.391742
0;135373;-5.506664;7.651869;11.080365
0;135393;-9.5385;11.520899;11.779472
0;135414;-5.4300494;2.1739352;9.749189
0;135433;-2.8634653;1.5897499;5.4779334
0;135453;-0.79487497;1.436521;4.3287168
0;135474;-0.8714894;2.6431987;5.401319
0;135493;-1.2066777;3.5529952;6.339846
0;135513;-1.5610195;4.0222588;7.0006456
0;135534;-2.96881;4.4819455;7.642292
0;135553;-3.3518825;3.964798;7.4028716
0;135573;-3.5051112;4.050989;7.249643
0;135594;-4.2425256;5.257667;7.575254
0;135613;-4.5872903;5.7365074;7.9870567
0;135633;-4.663905;6.349423;8.42759
0;135654;-4.510676;6.8569937;8.973468
0;135673;-3.8498764;7.5848308;9.030929
0;135693;-3.265691;7.9487495;8.532935
0;135714;-3.1316159;8.446744;8.379706
0;135733;-3.3327289;8.935161;8.7053175
0;135753;-2.4133554;10.477027;8.944737
0;135773;-1.7046716;11.329363;8.159439
0;135793;-1.8004397;12.191275;7.469909
0;135814;-3.3901896;12.765883;7.7189064
0;135833;-2.7006595;11.903971;6.196194
0;135853;-0.45010993;10.994174;4.012682
0;135874;-0.12449849;10.70687;3.5529952
0;135893;-3.5051112;12.124237;6.3781533
0;135913;-3.8019924;5.793968;10.01734
0;135934;-12.08593;11.118672;11.463438
0;135953;1.1875241;-4.2425256;9.308656
0;135973;1.2258313;0.4309563;12.239159
0;135994;-1.7429788;3.4572272;9.873688
0;136013;-1.3311762;2.432509;9.892841
0;136033;-2.3942018;2.2026656;9.576807
0;136054;-4.10845;3.620033;8.7532015
0;136073;-5.0661306;3.265691;8.6095495
0;136093;-4.309563;2.920926;8.858546
0;136114;-3.2082303;2.6910827;8.829816
0;136133;-1.7717092;3.5625722;9.11712
0;136153;-1.7812861;3.0550013;9.481039
0;136174;-2.4612393;3.1507695;9.308656
0;136193;-3.064578;3.0071173;9.279925
0;136239;-2.930503;3.763685;9.203311
0;136242;-2.930503;3.5338416;9.394848
0;136253;-2.7006595;3.6870706;9.289502
0;136273;-2.681506;3.6391866;9.193734
0;136290;-2.8634653;3.122039;9.174581
0;136310;-2.9975405;3.3327289;8.820239
0;136329;-3.083732;2.72939;9.509769
0;136350;-2.8060043;3.1507695;9.059659
0;136371;-2.9592333;3.2465374;9.212888
0;136391;-2.9017725;3.4476504;8.839393
0;136411;-3.0550013;3.6008794;9.050082
0;136431;-2.8921957;3.2752678;9.126697
0;136451;-2.7006595;3.371036;9.260772
0;136475;-2.5761611;3.217807;9.203311
0;136492;-2.6910827;3.3997664;9.222465
0;136514;-2.7581203;3.4093432;9.126697
0;136535;-2.8443117;3.1794999;9.270349
0;136554;-2.920926;3.371036;9.11712
0;136573;-2.72939;3.41892;9.097966
0;136593;-2.873042;3.217807;9.174581
0;136614;-2.9113493;3.4859576;9.174581
0;136633;-2.9017725;3.2465374;9.193734
0;136653;-2.9400797;3.3423057;9.260772
0;136674;-2.9113493;3.466804;9.14585
0;136693;-2.882619;3.5529952;9.088389
0;136713;-3.0550013;3.572149;9.174581
0;136734;-3.0454245;3.6104562;9.193734
0;136753;-2.9975405;3.8115692;9.069236
0;136773;-2.7485435;3.5913026;9.021352
0;136794;-2.7868507;3.8977604;9.050082
0;136813;-2.767697;3.466804;9.11712
0;136833;-3.217807;3.86903;9.308656
0;136854;-3.3423057;4.261679;8.916007
0;136873;-3.1986535;2.8634653;9.653421
0;136893;-3.4955344;3.7828386;9.605537
0;136914;-3.169923;3.466804;9.212888
0;136933;-2.920926;4.501099;9.002198
0;136953;-2.834735;4.1371803;9.136273
0;136974;-3.0454245;4.865018;9.107543
0;136993;-3.1124623;3.323152;9.481039
0;137013;-2.7389667;4.185065;9.500193
0;137034;-4.098873;5.056554;10.323798
0;137053;-4.7405195;5.659893;10.5919485
0;137073;-5.6886234;8.66701;11.109096
0;137093;-5.4204726;8.504205;10.371682
0;137113;-4.5777135;5.93762;8.695741
0;137134;-3.7828386;5.803545;7.192182
0;137153;-2.6144683;6.6750345;5.7843914
0;137173;-1.5801731;6.5601125;4.10845
0;137194;-7.536947;5.583278;13.187263
0;137212;-10.065224;12.200851;13.168109
0;137232;-6.8761473;1.9153614;10.352529
0;137250;-3.9743748;0.22026655;5.899313
0;137270;-3.2465374;1.3503298;4.9320555
0;137291;-3.7445314;2.2122424;5.899313
0;137311;-4.060566;2.8538885;6.588843
0;137331;-3.821146;3.667917;6.6175733
0;137350;-4.367024;4.3287168;7.2113357
0;137370;-4.223372;4.5872903;7.153875
0;137391;-4.1276035;5.00867;7.201759
0;137410;-4.3478703;5.554548;7.651869
0;137430;-4.6351743;6.742072;8.7053175
0;137459;-4.6351743;7.0006456;8.858546
0;137474;-4.759673;7.575254;9.030929
0;137492;-4.9895163;8.437167;9.165004
0;137513;-4.759673;9.835381;8.178593
0;137533;-3.7732618;10.275913;7.1251445
0;137553;-3.2082303;10.955867;7.1634517
0;137574;-3.86903;13.512875;9.193734
0;137593;-2.4420857;13.464991;8.37013
0;137613;-0.94810385;13.273455;6.6175733
0;137634;-1.0821792;12.689269;5.7365074
0;137653;-0.6512229;11.099519;3.9935284
0;137673;-0.7278373;10.448297;3.8594532
0;137694;-1.0630256;9.80665;4.175488
0;137713;-4.2521024;9.576807;7.6135616
0;137733;-11.358093;4.951209;9.739613
0;137754;-5.2385135;4.8841715;8.772355
0;137773;0.095768064;-1.934515;9.873688
0;137793;-0.8619126;2.719813;8.6574335
0;137814;-1.685518;2.9592333;9.720459
0;137833;-1.7621324;4.903325;9.749189
0;137853;-1.6663644;3.2561142;9.32781
0;137874;-2.7006595;3.371036;8.647857
0;137893;-4.759673;3.86903;9.088389
0;137913;-4.4723687;3.5817258;8.66701
0;137934;-3.2082303;3.41892;8.781932
0;137953;-2.4899697;2.767697;9.385271
0;137973;-1.9728222;3.3997664;9.165004
0;137994;-2.4708161;3.016694;9.414001
0;138013;-2.7485435;3.2848446;9.279925
0;138033;-3.1603463;3.4955344;9.193734
0;138054;-3.0358477;3.6870706;9.040505
0;138074;-3.1124623;3.2944214;9.5385
0;138093;-2.825158;3.514688;9.030929
0;138114;-2.920926;3.1890767;9.136273
0;138133;-2.9017725;3.2752678;9.021352
0;138153;-2.9017725;3.1603463;9.078813
0;138174;-3.1603463;3.169923;9.126697
0;138193;-2.8921957;3.2752678;8.925584
0;138213;-2.8060043;3.3901896;9.184157
0;138234;-2.6048915;3.3518825;9.203311
0;138253;-2.681506;3.1986535;9.260772
0;138273;-2.9017725;3.122039;9.3661175
0;138302;-2.4995465;3.3901896;8.935161
0;138311;-2.882619;3.1411927;9.299079
0;138331;-2.6240451;3.2752678;9.14585
0;138352;-2.8538885;3.323152;9.251195
0;138371;-2.6431987;2.9975405;9.308656
0;138442;-2.6048915;3.5817258;9.002198
0;138444;-2.815581;3.3039982;9.136273
0;138446;-2.6048915;3.169923;8.379706
0;138460;-2.6048915;3.169923;8.379706
0;138471;-2.585738;3.083732;8.66701
0;138490;-2.633622;3.3901896;9.375694
0;138511;-2.633622;3.3901896;9.375694
0;138529;-2.566584;3.2944214;9.260772
0;138551;-2.681506;3.4572272;9.279925
0;138570;-2.681506;3.4572272;9.279925
0;138621;-2.72939;3.5817258;9.337387
0;138676;-3.169923;3.5913026;9.442732
0;138723;-2.9496565;3.6296098;9.509769
0;138774;-2.7964275;3.6391866;9.461885
0;138822;-2.72939;3.6870706;10.055647
0;138873;-4.999093;5.9567738;10.812215
0;138923;-4.9799395;7.929596;10.189722
0;138973;-2.767697;4.9703627;6.943185
0;139023;-7.8146744;7.0964136;13.761871
0;139074;-3.41892;-0.25857377;5.353435
0;139123;-3.916914;3.5817258;7.9966335
0;139173;-3.8977604;3.916914;8.015787
0;139223;-4.3957543;5.746084;9.097966
0;139273;-4.462792;6.8665705;9.662998
0;139323;-3.6966474;8.37013;7.6231384
0;139373;-3.083732;11.243171;8.6574335
0;139423;-1.1204864;12.133814;5.5737014
0;139473;-0.9672575;10.371682;3.2944214
0;139523;-5.602432;10.199299;12.08593
0;139573;-2.3080103;-4.1371803;11.070788
0;139623;0.49799395;6.301539;9.107543
0;139673;-2.6240451;3.265691;9.011775
0;139723;-4.865018;3.2944214;8.590396
0;139773;-1.9536686;2.930503;9.375694
0;139823;-3.2465374;3.2848446;9.203311
0;139873;-3.083732;3.6391866;9.232041
0;139922;-3.016694;3.1411927;9.184157
0;139974;-2.9592333;3.6870706;8.858546
0;140023;-3.3806129;3.1411927;8.925584
0;140072;-2.815581;3.3901896;9.251195
0;140123;-2.719813;3.2082303;9.279925
0;140173;-2.815581;3.6774938;9.136273
0;140223;-2.9879637;3.8115692;9.040505
0;140273;-2.882619;3.9360676;8.839393
0;140323;-2.9400797;3.916914;8.8777
0;140373;-2.7102363;4.2042184;8.762778
0;140423;-3.5338416;4.1371803;9.3182335
0;140473;-3.371036;4.1371803;9.299079
0;140523;-2.2505496;4.0892963;9.337387
0;140573;-2.873042;4.501099;9.500193
0;140623;-5.93762;8.408437;10.084377
0;140673;-2.825158;6.2345014;5.2385135
0;140723;-6.655881;4.5394063;10.6398325
0;140773;-3.5242648;-0.16280572;5.592855
0;140874;-3.9839516;0.8619126;6.0525417
0;140874;-4.5394063;3.7541082;7.297527
0;140920;-4.55856;4.367024;7.5561004
0;140970;-4.3766007;6.215348;8.686164
0;141021;-5.3438582;8.90643;7.8050976
0;141076;-6.885724;12.401965;9.423578
0;141123;-2.2505496;10.400413;5.90889
0;141173;-1.7525556;9.969456;5.535394
0;141223;-3.3901896;9.002198;7.920019
0;141273;-5.104438;10.773908;9.605537
0;141324;-4.185065;-1.3311762;10.304645
0;141373;-1.8195933;3.1316159;9.730036
0;141422;-2.8921957;3.2944214;9.136273
0;141473;-3.1794999;2.8060043;9.088389
0;141523;-2.1452048;3.083732;9.279925
0;141573;-2.8060043;3.4284968;9.375694
0;141623;-2.7964275;3.1986535;9.241618
0;141673;-3.064578;3.265691;9.107543
0;141723;-2.767697;3.2082303;9.165004
0;141773;-2.8443117;3.620033;9.097966
0;141824;-3.3135753;3.667917;8.954314
0;141873;-3.1890767;3.6008794;8.916007
0;141923;-3.1316159;3.9456444;8.781932
0;141973;-3.8307228;3.916914;8.561666
0;142024;-3.9743748;4.156334;8.552089
0;142073;-2.5761611;4.1276035;8.820239
0;142123;-2.4229321;4.175488;8.734048
0;142173;-3.4955344;4.003105;9.308656
0;142223;-3.083732;3.916914;9.193734
0;142273;-4.0797195;4.156334;10.0269165
0;142323;-6.253655;8.207323;11.568783
0;142373;-5.5737014;5.0661306;9.490616
0;142423;-5.554548;5.861006;10.812215
0;142473;-7.0485296;6.5505357;11.884817
0;142523;-3.7349546;1.3694834;6.2823853
0;142573;-4.9224787;3.7828386;6.244078
0;142639;-5.085284;4.5681367;6.4739213
0;142671;-5.21936;7.2592196;8.686164
0;142721;-5.1235914;8.264784;8.494628
0;142773;-4.050989;12.708423;7.632715
0;142823;-3.0358477;13.024457;7.153875
0;142873;-2.0398598;10.697293;5.1906295
0;142923;-6.3111157;6.3685765;9.509769
0;142973;-5.209783;5.0661306;12.29662
0;143023;-1.9153614;0.9864111;10.208876
0;143073;-2.0111294;3.4380736;9.452309
0;143123;-3.3039982;3.7924154;9.021352
0;143173;-2.3558946;2.719813;9.56723
0;143223;-2.8443117;2.920926;9.5385
0;143273;-2.6144683;3.122039;9.3661175
0;143323;-2.4612393;2.96881;9.375694
0;143373;-2.7102363;3.064578;9.222465
0;143423;-2.815581;2.873042;9.279925
0;143475;-2.8634653;2.8538885;9.375694
0;143528;-2.6240451;3.1890767;9.222465
0;143570;-2.7389667;3.323152;9.126697
0;143621;-2.6048915;3.3039982;9.078813
0;143641;-2.681506;3.1507695;9.155427
0;143661;-2.767697;2.825158;9.14585
0;143681;-2.4229321;3.1411927;9.165004
0;143701;-2.566584;3.1124623;9.32781
0;143726;-2.6623523;3.1028855;9.203311
0;143744;-2.767697;2.96881;9.241618
0;143763;-2.825158;3.1507695;9.251195
0;143783;-2.6910827;3.1986535;9.203311
0;143810;-2.6527755;3.122039;9.193734
0;143823;-2.432509;2.873042;9.461885
0;143843;-3.2848446;2.873042;9.720459
0;143864;-3.122039;2.7102363;9.595961
0;143882;-2.8921957;2.9400797;9.433155
0;143904;-2.7006595;3.0262709;9.375694
0;143922;-2.585738;2.8634653;9.509769
0;143941;-2.6240451;2.920926;9.471462
0;143962;-2.2984335;2.825158;9.461885
0;143981;-2.9783869;3.3614593;9.481039
0;144002;-3.2848446;3.3997664;9.423578
0;144024;-3.0358477;3.6391866;9.299079
0;144043;-3.0071173;3.5913026;9.241618
0;144064;-2.873042;3.8498764;9.050082
0;144084;-2.920926;3.7445314;8.935161
0;144102;-2.8921957;3.8786068;9.021352
0;144124;-3.1028855;3.8498764;9.021352
0;144143;-3.2465374;4.4244847;8.887277
0;144164;-3.2082303;4.261679;8.781932
0;144184;-3.323152;4.146757;8.992621
0;144203;-3.3518825;4.280833;8.781932
0;144222;-3.0550013;4.6926355;8.686164
0;144244;-2.9400797;4.7979803;8.647857
0;144263;-3.122039;5.6982;8.456321
0;144283;-3.122039;5.947197;8.504205
0;144304;-3.169923;6.339846;7.9008656
0;144323;-3.3423057;6.655881;7.201759
0;144343;-2.6910827;6.579266;6.301539
0;144364;-2.7389667;7.067683;6.0621185
0;144383;-2.8538885;7.4603324;5.93762
0;144403;-2.930503;7.2113357;6.1387334
0;144424;-3.2465374;7.651869;6.742072
0;144443;-3.3901896;7.785944;6.799533
0;144463;-3.4093432;7.5561004;6.4739213
0;144484;-2.9879637;7.7093296;5.6120086
0;144503;-2.3558946;7.1730285;6.1004257
0;144523;-2.0015526;6.847417;6.397307
0;144544;-5.9280434;4.367024;10.70687
0;144563;-7.6614456;6.397307;9.165004
0;144583;-3.1316159;1.5801731;7.489063
0;144604;-2.1547816;1.9249382;6.895301
0;144623;-2.087744;2.1643584;7.383718
0;144643;-2.5378537;2.9879637;8.379706
0;144664;-4.175488;3.1411927;9.356541
0;144683;-4.501099;3.2273839;9.203311
0;144703;-4.5872903;2.9879637;8.829816
0;144723;-4.309563;3.2273839;8.2169
0;144743;-4.548983;4.8267107;9.251195
0;144763;-4.8745947;5.6407394;10.055647
0;144784;-4.5298295;5.861006;9.720459
0;144803;-3.9360676;6.301539;9.126697
0;144823;-3.9743748;6.885724;9.270349
0;144844;-3.5913026;7.144298;8.868123
0;144863;-3.122039;7.383718;8.255207
0;144883;-3.8977604;7.843405;7.8529816
0;144904;-4.367024;8.293514;8.236053
0;144923;-3.964798;8.676587;8.322245
0;144943;-3.265691;8.848969;8.178593
0;144964;-2.9783869;9.069236;7.52737
0;144983;-2.566584;8.868123;7.029376
0;145003;-1.9536686;8.532935;6.291962
0;145024;-1.6950948;8.360553;6.0525417
0;145043;-3.169923;8.350976;7.52737
0;145063;-2.030283;8.523358;7.8146744
0;145084;-2.2026656;5.9663506;11.300632
0;145103;-5.9567738;7.8912888;10.94629
0;145124;-2.8443117;-0.19153613;10.6398325
0;145144;-2.1930888;1.5610195;9.653421
0;145164;-1.9728222;2.4899697;9.337387
