0;27250;0.5363012;4.367024;9.107543
0;27300;0.50757074;4.3861775;9.088389
0;27351;0.51714754;4.3766007;9.050082
0;27407;0.50757074;4.3766007;9.078813
0;27454;0.49799395;4.357447;9.097966
0;27504;0.47884035;4.3957543;9.069236
0;27554;0.49799395;4.357447;9.11712
0;27602;0.50757074;4.367024;9.097966
0;27654;0.47884035;4.357447;9.078813
0;27704;0.5267244;4.3766007;9.088389
0;27754;0.51714754;4.357447;9.088389
0;27804;0.50757074;4.367024;9.088389
0;27854;0.4405331;4.3478703;9.165004
0;27904;0.4309563;4.3957543;9.14585
0;27954;0.50757074;4.644751;9.289502
0;28004;0.45968673;4.8362875;9.222465
0;28055;0.45010993;6.2728086;8.561666
0;28104;-0.17238252;8.63828;6.895301
0;28153;-0.05746084;8.341399;7.517793
0;28204;0.7086837;6.0716953;7.9966335
0;28254;0.9864111;5.1523223;7.8625584
0;28304;0.78529817;5.00867;8.130709
0;28355;0.02873042;3.0933087;9.11712
0;28404;-0.19153613;2.633622;10.01734
0;28454;-0.33518824;1.733402;9.672575
0;28504;-0.545878;2.2218192;10.572795
0;28555;-1.3503298;5.650316;9.050082
0;28604;1.4556746;3.2848446;10.601525
0;28654;1.13964;4.5394063;9.643845
0;28704;0.038307227;4.5681367;9.519346
0;28754;-0.11492168;4.3957543;9.14585
0;28804;0.06703765;4.232949;9.184157
0;28854;-0.24899697;4.1276035;9.021352
0;28904;-0.095768064;4.060566;9.174581
0;28954;0.095768064;4.185065;9.174581
0;29004;0.2777274;4.3766007;9.021352
0;29054;-0.038307227;4.213795;9.040505
0;29104;0.095768064;4.3287168;9.011775
0;29154;0.61291564;4.807557;9.088389
0;29204;0.19153613;5.2480903;8.714894
0;29252;-0.33518824;5.2768207;8.676587
0;29302;0.7086837;4.31914;8.868123
0;29354;0.5650316;4.367024;9.155427
0;29404;0.545878;4.2904096;9.155427
0;29454;0.4213795;4.309563;9.184157
0;29504;0.39264908;4.1371803;9.232041
0;29554;1.0534488;4.501099;9.059659
0;29604;0.7469909;5.2385135;9.260772
0;29654;0.63206923;4.4244847;9.710882
0;29703;0.29688102;3.4572272;10.28549
0;29755;0.9576807;-0.33518824;11.147403
0;29804;0.4405331;-0.90021986;10.802638
0;29854;-0.15322891;0.79487497;9.576807
0;29904;-0.7278373;5.717354;9.021352
0;29954;0.12449849;5.4779334;7.2783732
0;30004;0.2681506;6.531382;6.933608
0;30054;-0.12449849;7.776367;4.7500963
0;30104;1.1204864;4.606444;10.477027
0;30154;0.18195933;4.7788267;9.11712
0;30204;0.16280572;4.7405195;9.452309
0;30254;0.23942018;4.4436383;9.155427
0;30304;0.17238252;4.4915223;9.040505
0;30355;0.12449849;4.548983;9.193734
0;30404;0.009576807;4.711789;9.174581
0;30454;0.34476504;3.9264908;9.097966
0;30504;0.60333884;4.309563;9.14585
0;30554;0.40222588;4.711789;9.375694
0;30604;1.0342951;4.1659107;9.030929
0;30654;0.8523358;4.0892963;9.059659
0;30704;0.35434186;4.357447;9.088389
0;30754;1.13964;4.1659107;9.097966
0;30804;0.80445176;4.2521024;9.184157
0;30854;0.7469909;4.357447;9.155427
0;30904;0.79487497;4.2999864;9.136273
0;30954;0.6607997;4.1946416;9.155427
0;31021;0.59376204;4.280833;9.078813
0;31053;0.89064306;4.55856;8.954314
0;31100;0.79487497;4.55856;8.973468
0;31150;0.4405331;4.817134;9.088389
0;31201;1.0247183;4.606444;8.954314
0;31256;0.91937345;4.8841715;8.983045
0;31304;0.32561144;4.0414124;9.433155
0;31354;1.043872;4.2904096;9.528923
0;31404;0.8331822;4.5777135;9.452309
0;31454;0.009576807;4.8841715;8.916007
0;31504;0;5.2768207;8.66701
0;31554;0.49799395;5.5737014;8.504205
0;31639;0.5267244;5.535394;8.37013
0;31661;0.81402856;4.5394063;8.868123
0;31700;0.40222588;3.5625722;8.724471
0;31751;0.60333884;4.2521024;8.714894
0;31801;0.6607997;3.5242648;8.954314
0;31857;0.5363012;4.309563;9.241618
0;31904;0.61291564;5.161899;9.251195
0;31954;0.45968673;5.142745;9.32781
0;32004;0.30645782;4.654328;9.11712
0;32054;0.38307226;4.721366;9.414001
0;32104;0.29688102;4.2425256;9.203311
0;32154;0.19153613;4.4244847;9.375694
0;32204;0.11492168;4.865018;9.490616
0;32254;0.30645782;4.1371803;8.695741
0;32304;-0.009576807;4.9320555;9.346964
0;32354;-0.02873042;5.650316;9.059659
0;32404;0.19153613;8.456321;5.583278
0;32454;-0.36391866;7.97748;6.4260373
0;32504;0.34476504;4.3766007;9.595961
0;32555;-0.047884032;3.8115692;9.289502
0;32604;-0.009576807;4.232949;9.184157
0;32654;0.79487497;4.7788267;8.992621
0;32704;0.90979666;4.5202527;9.165004
0;32754;0.2873042;4.367024;9.050082
0;32804;0.6703765;4.606444;9.078813
0;32854;0.89064306;4.414908;9.126697
0;32904;0.6799533;4.4436383;9.14585
0;32954;0.7565677;4.367024;9.059659
0;33004;0.8810662;4.4915223;8.983045
0;33063;0.6991069;4.4436383;9.069236
0;33102;0.6703765;4.367024;9.059659
0;33154;0.61291564;4.3287168;9.126697
0;33204;0.37349546;4.501099;9.002198
0;33254;0.49799395;4.405331;9.040505
0;33304;0.41180268;4.462792;9.040505
0;33354;0.8619126;4.261679;9.241618
0;33405;0.7661445;4.5394063;9.021352
0;33454;0.7374141;4.280833;9.251195
0;33504;0.94810385;4.510676;8.983045
0;33554;0.82360536;4.3861775;9.193734
0;33604;0.93852705;4.721366;8.887277
0;33654;0.5650316;4.7405195;8.973468
0;33704;0.8523358;4.8362875;8.686164
0;33754;0.8331822;4.7022123;8.829816
0;33804;0.7086837;4.9799395;9.212888
0;33854;0.9576807;5.21936;8.916007
0;33904;0.89064306;5.4204726;8.801085
0;33954;0.5650316;5.995081;8.054094
0;34004;0.6607997;6.4068837;7.489063
0;34054;0.29688102;6.694188;7.680599
0;34104;-0.15322891;7.0485296;7.5848308
0;34154;0.94810385;5.4300494;9.892841
0;34204;0.25857377;2.4516625;9.078813
0;34254;0.20111294;3.1794999;8.810662
0;34304;0.36391866;4.1946416;8.686164
0;34354;0.38307226;5.707777;8.887277
0;34404;-0.10534488;6.0046577;8.7053175
0;34454;0.19153613;5.650316;8.264784
0;34504;-0.12449849;5.544971;9.107543
0;34554;0.12449849;5.4683566;8.312668
0;34604;0.076614454;6.14831;8.236053
0;34654;0.7278373;6.301539;7.393295
0;34704;0.50757074;5.995081;7.374141
0;34754;0.4213795;7.201759;7.728483
0;34804;-0.6799533;11.262324;7.642292
0;34854;1.283292;2.384625;10.505757
0;34904;-0.25857377;3.8881836;9.289502
0;34954;0.5363012;4.951209;9.184157
0;35004;0.6895301;4.2999864;9.337387
0;35054;0.4405331;4.223372;9.021352
0;35104;0.009576807;3.9935284;9.241618
0;35154;0.23942018;4.3382936;9.289502
0;35204;0.37349546;4.357447;9.375694
0;35254;0.9576807;4.271256;9.155427
0;35304;0.06703765;4.367024;9.069236
0;35354;1.1013328;4.2521024;9.184157
0;35404;1.2258313;4.1276035;9.203311
0;35454;0.8714894;4.2521024;9.184157
0;35504;0.6512229;4.4819455;9.030929
0;35554;0.50757074;4.5202527;9.021352
0;35604;0.22984336;4.3861775;9.030929
0;35654;0.15322891;4.309563;9.14585
0;35704;0.48841715;4.4244847;9.002198
0;35754;0.7086837;4.261679;9.126697
0;35804;0.5554548;4.2999864;9.184157
0;35854;0.7565677;4.2904096;9.251195
0;35904;0.7661445;4.31914;9.222465
0;35954;1.0151415;4.3957543;9.653421
0;36004;0.80445176;4.3766007;9.356541
0;36054;0.7086837;4.673482;9.174581
0;36103;1.1492168;4.8267107;9.289502
0;36152;0.8523358;5.2289367;8.734048
0;36202;0.2777274;6.0621185;8.858546
0;36254;0.038307227;6.253655;8.475474
0;36303;0.8714894;5.171476;9.385271
0;36353;0.93852705;2.8634653;9.490616
0;36403;0.12449849;3.8402996;8.169016
0;36454;0.076614454;4.0222588;8.274361
0;36504;0.17238252;4.9320555;8.628703
0;36554;0.6703765;5.4683566;8.446744
0;36604;0.7182605;5.755661;9.165004
0;36654;0.40222588;5.4779334;9.212888
0;36704;0.2777274;5.401319;9.14585
0;36754;0.39264908;5.6982;9.452309
0;36804;0.7182605;5.104438;8.935161
0;36854;0.7278373;4.606444;8.8777
0;36904;0.39264908;3.9743748;9.260772
0;36954;0.7374141;4.405331;9.078813
0;37004;0.15322891;3.5434184;8.408437
0;37054;-0.12449849;7.565677;5.9184666
0;37104;0.29688102;6.205771;7.7572136
0;37154;0.1340753;3.5913026;9.672575
0;37204;-2.2984335;4.367024;10.515334
0;37254;0.32561144;3.6104562;9.337387
0;37304;0.29688102;4.156334;9.270349
0;37354;0.019153614;4.213795;9.385271
0;37404;0.12449849;4.2042184;9.279925
0;37454;0.5746084;4.5202527;9.097966
0;37504;-0.095768064;3.9264908;9.184157
0;37554;-0.076614454;3.8977604;9.289502
0;37604;0.8523358;4.4436383;9.222465
0;37654;0.1340753;4.3766007;9.222465
0;37704;0.19153613;4.0701427;9.212888
0;37754;0.50757074;4.223372;9.289502
0;37804;-0.16280572;3.9839516;9.203311
0;37854;-0.49799395;3.715801;9.232041
0;37904;-0.4309563;4.1180267;9.203311
0;37954;-0.2873042;4.0414124;9.212888
0;38004;-0.038307227;4.2999864;9.059659
0;38054;0.6895301;4.2521024;9.337387
0;38104;-0.641646;4.1276035;9.212888
0;38154;0.5746084;4.462792;9.040505
0;38202;1.1204864;4.3766007;9.155427
0;38252;0.6512229;4.0797195;9.32781
0;38304;0.842759;4.2425256;9.136273
0;38354;0.90021986;4.10845;9.3182335
0;38404;0.8523358;4.3478703;9.251195
0;38454;1.1013328;4.309563;9.3182335
0;38504;0.6895301;4.5298295;9.232041
0;38553;0.32561144;4.5872903;9.279925
0;38604;0.8331822;5.00867;8.8777
0;38654;0.6895301;5.00867;8.90643
0;38703;0.48841715;5.506664;8.465898
0;38752;0.51714754;5.650316;8.197746
0;38804;0.6512229;5.985504;7.967903
0;38853;0.90979666;6.397307;7.565677
0;38903;0.94810385;6.4739213;7.4028716
0;38953;0.2777274;6.799533;7.4603324
0;39004;0.18195933;6.981492;7.2592196
0;39053;0.32561144;7.2687964;6.7229185
0;39104;0.25857377;7.1347213;6.4068837
0;39154;0.2873042;7.7093296;6.1387334
0;39204;0.095768064;7.785944;6.397307
0;39254;0;7.9008656;6.5218053
0;39304;0.02873042;8.456321;6.339846
0;39354;0.29688102;7.73806;6.981492
0;39404;1.484405;2.825158;7.776367
0;39454;0.8523358;4.0222588;8.925584
0;39504;0.8810662;4.10845;9.097966
0;39553;0.31603462;5.267244;9.289502
0;39604;0.45968673;5.0182467;9.184157
0;39654;-0.2873042;5.046977;9.710882
0;39704;-0.22984336;5.6982;10.055647
0;39754;0.009576807;6.244078;9.730036
0;39804;0.009576807;6.588843;9.088389
0;39854;0.40222588;5.6407394;7.929596
0;39904;0.10534488;8.034941;10.314221
0;39953;0.7278373;4.9799395;8.034941
0;40004;0.641646;6.2728086;7.9391727
0;40054;-0.038307227;6.6367273;7.603985
0;40104;0.4213795;2.4037786;11.808203
0;40154;0.2681506;2.0494366;9.634268
0;40204;-0.30645782;3.6870706;10.151415
0;40254;-0.9672575;4.1180267;9.9790325
0;40304;-0.9672575;4.55856;10.141838
0;40355;-0.009576807;3.4380736;9.251195
0;40404;0.4213795;4.7884035;9.232041
0;40454;1.6567876;4.55856;9.184157
0;40504;0.4309563;4.55856;9.212888
0;40554;0.4405331;4.357447;9.174581
0;40604;0.80445176;4.271256;9.040505
0;40654;0.6512229;4.2521024;9.126697
0;40704;0.9576807;4.3478703;9.126697
0;40752;0.51714754;4.1946416;9.14585
0;40802;0.7757214;4.146757;9.193734
0;40854;0.81402856;4.280833;9.174581
0;40904;0.41180268;4.3861775;9.11712
0;40954;0.62249243;4.156334;9.203311
0;41004;0.7086837;4.1659107;9.165004
0;41054;0.5650316;4.1946416;9.203311
0;41104;0.38307226;4.261679;9.155427
0;41154;0.2873042;4.223372;9.174581
0;41204;0.22026655;4.156334;9.203311
0;41254;0.23942018;4.175488;9.126697
0;41304;0.8714894;4.2042184;9.251195
0;41354;0.545878;4.31914;9.097966
0;41404;0.49799395;4.0701427;9.232041
0;41454;0.6799533;4.261679;9.203311
0;41504;0.6607997;4.280833;9.193734
0;41554;0.59376204;4.357447;9.203311
0;41615;0.7182605;4.3287168;9.270349
0;41712;0.61291564;4.644751;9.011775
0;41713;0.18195933;4.606444;9.433155
0;41753;0.46926352;4.644751;9.097966
0;41800;0.16280572;5.00867;8.8777
0;41850;0.32561144;5.21936;8.8777
0;41900;0.2873042;5.3725886;8.552089
0;41950;0.019153614;5.803545;8.350976
0;42000;0.076614454;6.1387334;7.8146744
0;42053;-0.19153613;6.5122285;7.8050976
0;42101;-0.18195933;6.531382;7.575254
0;42156;-0.1436521;6.885724;7.240066
0;42204;-0.009576807;7.086837;7.0102224
0;42253;0.39264908;7.603985;6.0238113
0;42304;-0.095768064;7.872135;5.803545
0;42353;-0.038307227;8.063671;5.803545
0;42400;0.095768064;8.312668;5.554548
0;42450;-0.18195933;8.513782;5.851429
0;42500;-0.62249243;11.760319;5.889736
0;42551;-0.79487497;7.249643;7.1347213
0;42600;0.38307226;3.4476504;7.2687964
0;42650;-1.3982137;4.510676;8.6574335
0;42700;-0.10534488;4.1659107;7.326257
0;42750;0.20111294;5.5162406;8.379706
0;42800;0.12449849;7.335834;8.916007
0;42850;0.23942018;6.042965;8.829816
0;42900;-0.18195933;6.205771;9.155427
0;42950;0.15322891;5.9759274;9.260772
0;43000;0.18195933;6.301539;9.040505
0;43050;0.16280572;6.6654577;9.394848
0;43100;-0.06703765;6.244078;9.519346
0;43150;0.18195933;5.2768207;8.676587
0;43200;0.79487497;5.363012;8.418014
0;43249;0.15322891;5.0757074;7.603985
0;43299;0.47884035;5.583278;7.967903
0;43350;-0.06703765;4.9320555;7.2783732
0;43404;0.05746084;5.142745;7.8146744
0;43454;0.7182605;2.0494366;9.184157
0;43504;0.8523358;3.8881836;10.103531
0;43554;-0.5363012;3.4572272;9.844957
0;43604;-1.1013328;4.213795;10.055647
0;43654;-0.15322891;3.41892;9.490616
0;43704;0.17238252;3.8019924;9.557653
0;43762;-0.076614454;3.2369606;9.337387
0;43802;-0.1340753;3.86903;9.452309
0;43854;0.038307227;3.9264908;9.423578
0;43904;0.16280572;3.964798;9.423578
0;43954;0.20111294;4.0797195;9.212888
0;44004;0.18195933;4.156334;9.241618
0;44054;0.51714754;4.213795;9.299079
0;44104;0.22026655;4.0701427;9.385271
0;44154;-0.24899697;4.0222588;9.260772
0;44204;-0.545878;3.8019924;9.126697
0;44254;-0.16280572;4.10845;9.155427
0;44304;0.93852705;4.367024;9.3182335
0;44354;0.22984336;4.2521024;9.212888
0;44404;0.6703765;4.4723687;9.097966
0;44454;0.15322891;4.185065;9.165004
0;44504;-0.33518824;4.223372;9.155427
0;44554;0.8714894;4.367024;9.11712
0;44604;1.2162545;4.098873;9.174581
0;44654;1.1779473;4.003105;9.222465
0;44704;0.8331822;4.1946416;9.174581
0;44754;1.1683705;4.271256;9.11712
0;44804;1.2449849;4.213795;9.203311
0;44854;0.93852705;4.2999864;9.165004
0;44904;1.0055647;4.4340615;9.14585
0;44954;1.2449849;4.414908;9.088389
0;45004;0.4213795;4.6255975;9.059659
0;45054;0.7757214;4.5681367;9.021352
0;45104;0.8714894;4.8841715;8.8777
0;45154;0.2681506;4.7884035;9.050082
0;45204;0.40222588;4.9703627;9.002198
0;45254;0.8619126;4.865018;9.011775
0;45304;0.7374141;5.2480903;8.944737
0;45354;0.5746084;5.4779334;8.63828
0;45404;0.19153613;6.0716953;8.293514
0;45454;0.21068975;6.205771;7.8529816
0;45504;0.05746084;6.7612257;7.1634517
0;45554;0.009576807;6.83784;7.0485296
0;45604;-0.22026655;7.374141;6.799533
0;45654;-0.038307227;7.4028716;6.579266
0;45704;0.31603462;7.843405;6.0238113
0;45754;0.50757074;8.034941;6.042965
0;45804;0.47884035;8.590396;5.6407394
0;45854;-0.4213795;8.944737;5.2768207
0;45904;-0.4213795;8.159439;4.865018
0;45954;1.8579005;6.1770406;8.494628
0;46004;0.047884032;4.711789;7.0485296
0;46054;-0.6703765;6.5984197;7.632715
0;46104;0.49799395;5.8801594;7.019799
0;46154;0.34476504;5.899313;7.9391727
0;46204;0.29688102;5.650316;8.054094
0;46254;0.22984336;4.8937483;8.2169
0;46304;0.47884035;5.7365074;9.232041
0;46356;0.45010993;5.554548;9.002198
0;46403;0.59376204;6.196194;9.816227
0;46452;0.047884032;5.3438582;9.586384
0;46504;0.22026655;4.999093;9.136273
0;46554;0.19153613;6.5601125;9.56723
0;46604;0.7182605;4.31914;8.494628
0;46654;0.641646;5.1810527;8.963891
0;46704;0.38307226;4.9895163;8.408437
0;46752;0.7374141;5.1523223;8.437167
0;46804;0.17238252;4.8267107;8.523358
0;46850;0.62249243;5.3438582;9.011775
0;46900;0.21068975;0.61291564;10.381259
0;46950;-1.043872;2.2122424;9.691729
0;47004;-0.6991069;4.6160207;10.218452
0;47055;0.48841715;3.4955344;9.375694
0;47104;0.60333884;3.7349546;9.279925
0;47154;0.94810385;4.721366;9.174581
0;47204;0.8523358;4.1276035;9.184157
0;47261;0.8714894;4.5681367;9.136273
0;47304;0.7182605;4.261679;9.184157
0;47351;1.1492168;4.261679;9.059659
0;47401;1.1587936;4.3478703;9.136273
0;47451;0.9768343;4.2904096;9.126697
0;47507;1.5131354;4.0892963;9.088389
0;47554;0.8523358;4.213795;9.241618
0;47604;0.36391866;4.3957543;9.203311
0;47654;0.79487497;4.223372;9.165004
0;47704;0.6703765;4.1946416;9.155427
0;47754;0.8331822;4.098873;9.184157
0;47805;1.2641385;4.1180267;9.155427
0;47854;0.545878;4.2425256;9.193734
0;47904;0.90021986;4.232949;9.107543
0;47954;1.0342951;4.2042184;9.174581
0;48004;0.61291564;4.3478703;9.097966
0;48054;0.5746084;4.3478703;9.021352
0;48104;0.63206923;4.2425256;9.126697
0;48154;1.0247183;4.31914;9.136273
0;48204;0.94810385;4.2521024;9.088389
0;48254;0.8810662;4.223372;9.097966
0;48304;0.7757214;4.175488;9.241618
0;48354;0.6895301;4.3478703;9.193734
0;48413;0.80445176;4.3382936;9.155427
0;48452;0.93852705;4.357447;9.040505
0;48504;0.6607997;4.3478703;9.222465
0;48552;0.4405331;4.4915223;9.471462
0;48604;1.2449849;4.4340615;9.251195
0;48654;1.13964;4.6255975;9.212888
0;48704;1.292869;4.855441;9.078813
0;48754;1.3790601;5.104438;8.686164
0;48804;0.6895301;5.5737014;8.571242
0;48854;0.90979666;6.167464;7.632715
0;48903;1.3120226;6.1866174;7.3549876
0;48955;0.6607997;6.7803793;7.3549876
0;49004;0.19153613;6.9240313;7.345411
0;49054;0.20111294;7.326257;6.8282633
0;49104;0.7374141;7.575254;6.244078
0;49154;1.0821792;7.8529816;5.889736
0;49204;0.6895301;8.082825;6.655881
0;49254;0.22026655;9.356541;6.7708025
0;49304;0.11492168;6.933608;5.2289367
0;49354;0.545878;6.991069;10.1226845
0;49404;0.23942018;3.6870706;8.561666
0;49454;0.40222588;5.602432;8.111555
0;49504;0;5.3725886;7.9870567
0;49554;0.5267244;7.1347213;8.082825
0;49604;0.9576807;6.9527617;8.101978
0;49654;0.6703765;8.1881695;8.149862
0;49704;0.7469909;7.1730285;8.111555
0;49753;0.60333884;8.207323;8.293514
0;49800;0.80445176;5.3342814;7.9966335
0;49853;0.48841715;4.711789;8.274361
0;49900;0.21068975;5.841852;8.743625
0;49950;0.30645782;5.45878;8.082825
0;50000;0.31603462;5.8801594;8.8777
0;50050;0.7182605;7.144298;6.9240313
0;50100;0.58418524;3.9456444;10.850522
0;50154;0.34476504;3.6008794;9.844957
0;50207;-1.8674773;5.133168;10.381259
0;50250;0.20111294;3.2369606;9.471462
0;50300;0.31603462;3.7445314;9.375694
0;50351;0.39264908;4.0222588;9.452309
0;50401;0.6799533;4.261679;9.337387
0;50455;0.60333884;3.7828386;9.32781
0;50505;0.2681506;4.098873;9.165004
0;50554;0.7757214;4.280833;9.375694
0;50604;0.6512229;4.175488;9.251195
0;50654;0.78529817;4.2904096;9.184157
0;50704;0.5363012;4.261679;9.155427
0;50754;0.641646;4.0797195;9.270349
0;50804;0.40222588;4.098873;9.174581
0;50854;1.2449849;4.175488;9.193734
0;50904;1.1300632;4.2425256;9.136273
0;50954;0.6512229;4.1276035;9.155427
0;51004;0.9768343;3.9935284;9.203311
0;51054;1.091756;4.1180267;9.165004
0;51104;0.8331822;4.2521024;9.11712
0;51154;0.93852705;4.1946416;9.193734
0;51204;0.92895025;4.3287168;9.088389
0;51254;0.7182605;4.2042184;9.136273
0;51304;1.1204864;4.0414124;9.174581
0;51354;0.94810385;4.185065;9.11712
0;51404;0.89064306;4.1371803;9.299079
0;51454;1.1204864;4.309563;9.260772
0;51504;1.0630256;4.223372;9.337387
0;51554;0.5746084;4.4436383;9.155427
0;51622;0.89064306;4.55856;9.136273
0;51654;1.0151415;4.7788267;9.193734
0;51704;0.7182605;4.8745947;9.260772
0;51753;0.8714894;5.0182467;8.973468
0;51802;1.091756;5.439626;8.42759
0;51854;0.82360536;5.765238;8.159439
0;51904;0.50757074;6.1100025;7.7572136
0;51954;0.60333884;6.531382;7.517793
0;52004;0.6895301;6.6750345;7.3549876
0;52054;0.2777274;7.07726;7.086837
0;52104;0.25857377;7.0964136;6.933608
0;52154;0.45010993;7.6710224;6.2728086
0;52204;0.12449849;8.00621;5.66947
0;52254;-0.12449849;8.1402855;5.659893
0;52304;-0.19153613;8.6095495;5.4683566
0;52354;-0.23942018;8.350976;5.6886234
0;52404;-0.05746084;8.590396;5.631162
0;52454;-0.12449849;8.379706;6.6271505
0;52504;1.2066777;2.9975405;7.441179
0;52554;-0.019153614;5.8705826;7.97748
0;52609;0.1436521;5.3821654;7.7572136
0;52654;0.34476504;6.9623384;8.580819
0;52700;0.7565677;5.8801594;8.379706
0;52750;0.38307226;5.506664;8.829816
0;52801;0.5650316;5.6982;9.461885
0;52855;0.94810385;5.707777;9.902418
0;52907;0.78529817;5.21936;9.002198
0;52954;-0.009576807;7.4986396;9.902418
0;53004;1.043872;6.1866174;7.479486
0;53054;1.0151415;7.469909;7.2113357
0;53104;0.36391866;6.895301;4.4340615
0;53154;-0.48841715;2.0207062;10.879252
0;53204;0.2777274;3.8594532;9.998186
0;53254;-0.038307227;3.9935284;9.959879
0;53304;-0.45968673;3.7349546;9.758766
0;53354;-0.17238252;3.3518825;9.404425
0;53404;-0.24899697;3.371036;9.414001
0;53454;0.18195933;3.4859576;9.3661175
0;53504;0.17238252;3.9839516;9.241618
0;53554;0.92895025;5.0757074;9.14585
0;53604;1.0821792;4.309563;9.279925
0;53654;0.59376204;4.2425256;9.184157
0;53704;0.9672575;4.1659107;9.212888
0;53754;0.41180268;4.261679;9.107543
0;53804;1.13964;4.098873;9.14585
0;53854;1.13964;4.0797195;9.193734
0;53904;0.90979666;4.2042184;9.251195
0;53954;0.39264908;4.3478703;9.107543
0;54004;0.62249243;4.10845;9.184157
0;54053;0.7469909;4.146757;9.155427
0;54102;0.8619126;4.156334;9.212888
0;54154;0.8523358;4.2904096;9.097966
0;54204;0.7374141;4.050989;9.222465
0;54254;0.7278373;4.223372;9.174581
0;54304;0.63206923;4.2042184;9.155427
0;54354;0.6799533;4.280833;9.11712
0;54404;0.7278373;4.0892963;9.222465
0;54454;0.9672575;4.0797195;9.289502
0;54504;0.9864111;4.1276035;9.232041
0;54554;1.043872;4.232949;9.193734
0;54604;0.9864111;4.2042184;9.299079
0;54654;1.1109096;4.175488;9.385271
0;54703;0.9959879;4.6255975;9.3182335
0;54755;0.7469909;4.663905;9.232041
0;54804;0.8331822;4.9224787;9.069236
0;54854;0.81402856;4.999093;8.935161
0;54904;0.8714894;5.66947;8.341399
0;54954;0.5267244;5.889736;8.101978
0;55004;0.545878;6.215348;7.642292
0;55054;0.6703765;6.6175733;7.393295
0;55104;0.49799395;6.789956;7.2783732
0;55154;0.2681506;7.1347213;6.895301
0;55204;0.24899697;7.3645644;6.7229185
0;55254;0.47884035;7.642292;6.4260373
0;55303;0.50757074;8.101978;6.7612257
0;55355;0.08619126;8.437167;6.5984197
0;55404;-0.23942018;9.11712;6.0716953
0;55454;0.23942018;5.9184666;9.126697
0;55504;0.7374141;3.2369606;8.073248
0;55555;-0.29688102;5.142745;8.973468
0;55603;0.05746084;5.449203;8.590396
0;55654;0.40222588;6.244078;9.3661175
0;55704;0.6799533;6.3302693;9.078813
0;55754;0.79487497;6.0142345;9.126697
0;55804;0.8714894;6.7803793;9.720459
0;55854;0.842759;5.707777;8.475474
0;55904;0.545878;5.9759274;8.647857
0;55954;0.40222588;6.6367273;8.418014
0;56004;0.37349546;7.9583263;7.8529816
0;56054;-0.9672575;8.513782;7.97748
0;56112;0.19153613;6.8282633;7.144298
0;56152;0.7565677;4.9703627;6.540959
0;56204;0.7278373;4.510676;10.6398325
0;56254;0.94810385;5.00867;9.940725
0;56304;-0.7278373;3.466804;9.557653
0;56354;-0.45968673;2.9783869;9.414001
0;56404;0.12449849;3.5434184;9.548077
0;56454;0.59376204;3.7924154;9.394848
0;56504;1.043872;4.10845;9.32781
0;56554;0.22984336;4.050989;9.260772
0;56603;0.6799533;4.232949;9.270349
0;56654;1.0055647;4.232949;9.251195
0;56704;0.2681506;4.0797195;9.203311
0;56754;0.6703765;4.1371803;9.232041
0;56804;0.59376204;4.1371803;9.174581
0;56854;0.5554548;4.050989;9.241618
0;56904;0.37349546;4.0222588;9.241618
0;56954;0.30645782;3.8977604;9.299079
0;57004;1.0247183;4.232949;9.193734
0;57054;0.7469909;4.10845;9.232041
0;57104;0.51714754;4.2425256;9.136273
0;57154;0.7565677;4.0318356;9.279925
0;57204;0.7182605;4.271256;9.126697
0;57254;0.6703765;4.146757;9.212888
0;57304;0.60333884;4.271256;9.165004
0;57354;0.5650316;4.1276035;9.279925
0;57404;0.8810662;4.501099;9.126697
0;57454;0.78529817;4.4723687;9.030929
0;57504;0.62249243;4.548983;9.002198
0;57554;0.58418524;4.663905;9.002198
0;57604;0.5554548;4.8267107;8.8777
0;57654;0.5267244;4.807557;8.868123
0;57704;0.641646;4.9703627;8.858546
0;57754;0.4309563;5.1140146;8.973468
0;57804;0.40222588;5.3725886;8.66701
0;57854;0.49799395;5.5162406;8.6095495
0;57904;-0.038307227;6.042965;7.9008656
0;57954;-0.20111294;6.1770406;7.843405
0;58004;0.2873042;6.540959;7.4507556
0;58054;0.4213795;6.4739213;7.3645644
0;58104;-0.17238252;6.847417;7.52737
0;58154;-0.32561144;7.1347213;7.249643
0;58204;-0.038307227;7.4124484;7.3166804
0;58254;0.33518824;7.52737;6.885724
0;58304;0.047884032;7.8625584;6.397307
0;58354;-0.39264908;8.571242;6.2632318
0;58404;-0.58418524;7.2687964;8.293514
0;58454;0.5267244;3.323152;8.686164
0;58504;0.16280572;4.912902;7.9583263
0;58554;-0.2873042;6.0238113;7.97748
0;58604;-0.16280572;5.8801594;7.9583263
0;58654;-0.05746084;7.536947;8.360553
0;58704;0.5363012;6.435614;8.322245
0;58754;0.62249243;5.90889;8.887277
0;58804;0.8523358;5.66947;9.270349
0;58854;0.8714894;5.861006;9.308656
0;58904;0.9576807;5.8801594;8.954314
0;58954;0.40222588;6.090849;8.571242
0;59004;0.4309563;6.291962;8.590396
0;59054;0.46926352;5.6982;8.063671
0;59104;0.45010993;6.1004257;8.00621
0;59175;0.038307227;5.2863975;6.6846113
0;59206;-0.50757074;1.3024458;10.084377
0;59250;0.59376204;3.4284968;9.758766
0;59300;-1.3120226;5.0757074;10.371682
0;59350;0.019153614;3.6391866;9.337387
0;59406;0.30645782;3.8307228;9.528923
0;59453;0.22984336;3.5242648;9.385271
0;59504;-0.08619126;3.667917;9.337387
0;59554;0;3.7445314;9.3182335
0;59605;0.35434186;3.7924154;9.375694
0;59654;0.7182605;4.1371803;9.337387
0;59704;0.5650316;4.2521024;9.232041
0;59754;0.8714894;4.175488;9.165004
0;59804;0.6991069;4.0701427;9.232041
0;59854;0.9768343;4.0701427;9.193734
0;59904;0.78529817;4.223372;9.184157
0;59954;0.63206923;4.1371803;9.212888
0;60004;0.7182605;4.0892963;9.155427
0;60054;0.7278373;4.1180267;9.193734
0;60103;1.0342951;4.1180267;9.184157
0;60154;1.091756;4.050989;9.203311
0;60204;1.1971009;4.0701427;9.155427
0;60254;1.2066777;4.0414124;9.212888
0;60304;1.043872;4.098873;9.174581
0;60354;1.0342951;4.0222588;9.203311
0;60404;1.1683705;3.9935284;9.193734
0;60454;1.2545617;3.9935284;9.212888
0;60504;1.2737153;4.0222588;9.337387
0;60554;1.6759412;3.9456444;9.461885
0;60607;0.9959879;4.185065;9.557653
0;60652;0.60333884;4.6830587;9.030929
0;60702;0.18195933;4.7405195;9.14585
0;60752;0.9576807;5.056554;8.6095495
0;60806;0.8523358;5.104438;8.599973
0;60854;0.7278373;5.7365074;8.341399
0;60904;0.7757214;5.803545;8.00621
0;60954;0.47884035;6.090849;7.8912888
0;61004;0.21068975;6.1004257;7.9870567
0;61054;0.50757074;6.5218053;7.747637
0;61104;0.89064306;6.703765;7.067683
0;61154;0.6895301;6.991069;6.991069
0;61204;0.25857377;7.1634517;7.144298
0;61252;0.1340753;7.422025;6.8665705
0;61302;0.1340753;7.632715;6.9240313
0;61354;0.10534488;8.00621;6.6271505
0;61404;-0.06703765;8.1402855;6.7229185
0;61454;0.62249243;7.881712;7.28795
0;61504;1.1492168;2.9496565;7.086837
0;61554;0.641646;4.9320555;8.274361
0;61615;0.49799395;5.765238;7.393295
0;61654;0.61291564;6.3111157;8.169016
0;61716;0.48841715;6.531382;8.561666
0;61754;0.7182605;5.765238;8.532935
0;61800;0.45010993;5.0182467;8.896853
0;61850;0.78529817;5.6790466;9.423578
0;61902;0.7565677;5.8801594;9.222465
0;61957;0.63206923;6.301539;9.5385
0;62004;0.24899697;6.0046577;8.983045
0;62054;-0.02873042;7.1251445;8.561666
0;62105;0.22026655;7.929596;8.523358
0;62154;0.91937345;6.445191;5.6407394
0;62204;0.2681506;-0.095768064;10.611102
0;62254;0.5650316;3.1507695;9.643845
0;62304;0.9672575;4.548983;9.931149
0;62354;0.45968673;3.3327289;9.260772
0;62404;-0.23942018;4.156334;9.14585
0;62454;2.5570073;4.855441;9.126697
0;62504;1.7908629;4.3287168;9.126697
0;62554;0.50757074;4.223372;9.260772
0;62604;0.6991069;4.2999864;9.107543
0;62654;0.7565677;4.1659107;9.165004
0;62704;0.9864111;4.146757;9.136273
0;62754;1.0726024;4.1276035;9.184157
0;62804;0.62249243;4.2999864;9.184157
0;62854;0.80445176;4.1180267;9.212888
0;62904;0.93852705;4.098873;9.155427
0;62954;0.81402856;4.0892963;9.203311
0;63006;0.9576807;4.175488;9.107543
0;63054;0.90021986;4.012682;9.260772
0;63104;0.7469909;4.050989;9.241618
0;63154;0.9864111;4.146757;9.241618
0;63204;0.61291564;4.185065;9.193734
0;63254;0.7757214;4.175488;9.289502
0;63304;0.7565677;4.050989;9.222465
0;63354;0.36391866;4.309563;9.088389
0;63404;0.51714754;4.185065;9.165004
0;63454;0.41180268;4.2904096;9.11712
0;63504;0.49799395;4.2425256;9.174581
0;63554;0.59376204;4.2999864;9.165004
0;63604;0.545878;4.2042184;9.203311
0;63654;0.40222588;4.261679;9.126697
0;63704;0.5554548;4.1659107;9.356541
0;63754;0.37349546;4.4915223;9.241618
0;63802;0.545878;4.3382936;9.299079
0;63854;0.61291564;4.721366;9.126697
0;63904;0.45968673;4.711789;9.165004
0;63954;0.39264908;5.142745;8.791509
0;64004;0.23942018;5.305551;8.724471
0;64054;0.019153614;5.5641246;8.647857
0;64104;-0.20111294;6.1770406;8.121132
0;64154;-0.17238252;6.5218053;7.8912888
0;64204;-0.40222588;6.751649;7.632715
0;64254;-0.19153613;6.9144545;7.6231384
0;64304;0;7.795521;7.795521
0;64354;0.62249243;8.2169;7.2209125
0;64404;-0.019153614;6.0525417;9.854534
0;64454;0.9959879;2.834735;8.418014
0;64504;0.59376204;3.8786068;8.772355
0;64554;0.641646;4.280833;7.9104424
0;64604;0.32561144;5.4204726;8.686164
0;64654;0.49799395;6.5696893;8.6095495
0;64704;0.33518824;7.086837;8.561666
0;64754;0.22026655;6.943185;8.63828
0;64804;0;7.393295;9.059659
0;64854;0.45010993;6.7133417;8.312668
0;64904;0.50757074;6.5505357;9.251195
0;64954;0.8714894;4.4340615;7.967903
0;65004;1.0342951;3.7349546;8.111555
0;65054;-0.12449849;4.7022123;9.002198
0;65104;0.4213795;4.261679;8.590396
0;65154;0.45968673;6.799533;6.4164605
0;65204;-0.02873042;4.5681367;9.481039
0;65254;-0.2777274;4.280833;10.141838
0;65304;0.6991069;4.012682;9.701305
0;65354;0.6607997;3.4859576;9.3182335
0;65404;0.2681506;3.9456444;9.461885
0;65454;0.37349546;3.9839516;9.270349
0;65504;0.4309563;3.8881836;9.414001
0;65557;0.81402856;4.1276035;9.308656
0;65603;0.641646;4.0414124;9.222465
0;65652;1.1587936;4.1946416;9.270349
0;65704;1.091756;4.1276035;9.270349
0;65754;0.5650316;4.1276035;9.270349
0;65804;0.6512229;3.9839516;9.279925
0;65854;0.7757214;4.2904096;9.155427
0;65905;0.93852705;3.964798;9.308656
0;65955;0.9672575;4.050989;9.222465
0;66004;0.641646;3.9360676;9.260772
0;66054;0.5650316;4.156334;9.203311
0;66104;0.842759;4.050989;9.251195
0;66154;1.0821792;4.1276035;9.193734
0;66204;1.1109096;3.9456444;9.279925
0;66254;0.9864111;4.1659107;9.165004
0;66304;0.9576807;4.003105;9.241618
0;66354;1.2354081;3.964798;9.232041
0;66404;1.3215994;3.8498764;9.260772
0;66454;0.9864111;4.1946416;9.14585
0;66504;0.8810662;4.1276035;9.289502
0;66554;1.043872;4.0701427;9.308656
0;66604;1.2545617;4.156334;9.3661175
0;66654;1.0534488;4.405331;9.308656
0;66704;0.6703765;4.6351743;8.983045
0;66754;0.48841715;4.7022123;8.973468
0;66804;0.90979666;4.865018;8.925584
0;66854;0.5554548;5.21936;8.695741
0;66904;0.32561144;5.401319;8.542512
0;66954;0.59376204;5.66947;8.130709
0;67004;0.5267244;5.861006;7.9487495
0;67054;0.38307226;6.2345014;7.9104424
0;67104;0.32561144;6.4260373;7.728483
0;67154;0.4405331;6.3589997;7.9008656
0;67204;0.61291564;7.019799;8.1881695
0;67254;0.6607997;7.2592196;8.063671
0;67304;-0.20111294;8.169016;6.9048777
0;67354;-0.51714754;7.4986396;6.885724
0;67404;1.8291701;3.0262709;8.025364
0;67454;-0.35434186;5.21936;7.4986396
0;67504;-0.23942018;5.592855;6.943185
0;67554;-0.5267244;6.4643445;7.8529816
0;67604;-0.22026655;6.8091097;7.833828
0;67652;0.18195933;7.6614456;8.39886
0;67704;0.23942018;6.9623384;8.590396
0;67754;0.8714894;6.742072;8.590396
0;67804;0.9576807;5.659893;8.896853
0;67854;1.2258313;5.0182467;9.002198
0;67904;0.6991069;5.21936;9.528923
0;67954;0.5746084;4.7309427;9.14585
0;68004;0.30645782;4.5298295;9.126697
0;68054;0.45968673;5.21936;8.887277
0;68103;0.6799533;4.960786;8.2169
0;68154;1.0630256;7.5848308;4.405331
0;68204;-0.7661445;2.3463178;11.224017
0;68254;-0.6607997;2.2888567;9.739613
0;68304;-0.39264908;6.751649;11.559206
0;68354;0.16280572;3.6008794;9.423578
0;68404;1.1683705;4.3382936;9.471462
0;68454;1.4652514;3.9456444;9.337387
0;68504;-0.038307227;3.6870706;9.375694
0;68554;0.49799395;3.821146;9.337387
0;68604;1.685518;4.3766007;9.500193
0;68654;-0.21068975;3.821146;9.423578
0;68704;-0.08619126;3.7732618;9.3661175
0;68754;-0.34476504;3.6774938;9.3182335
0;68804;-0.22026655;3.6870706;9.299079
0;68854;0.48841715;3.8402996;9.337387
0;68904;0.019153614;3.8402996;9.222465
0;68954;1.3215994;4.185065;9.452309
0;69020;0.34476504;3.8498764;9.279925
0;69054;0.15322891;3.8498764;9.241618
0;69100;1.0151415;4.156334;9.193734
0;69152;0.5746084;4.098873;9.203311
0;69201;0.91937345;4.1180267;9.193734
0;69255;1.1013328;3.8881836;9.289502
0;69305;1.2449849;4.0797195;9.232041
0;69354;1.1492168;4.012682;9.193734
0;69415;1.2354081;4.0222588;9.165004
0;69453;0.9959879;3.9456444;9.308656
0;69500;1.3024458;4.1276035;9.126697
0;69553;1.340753;3.9743748;9.346964
0;69600;1.733402;4.003105;9.222465
0;69650;1.1875241;4.060566;9.557653
0;69700;1.2449849;4.501099;9.14585
0;69750;0.94810385;4.414908;9.251195
0;69803;1.2641385;4.865018;8.868123
0;69854;1.541866;4.6255975;8.6574335
0;69904;0.7469909;5.4300494;8.571242
0;69954;0.90979666;5.793968;8.015787
0;70004;1.3599066;6.0238113;7.728483
0;70054;0.9672575;6.196194;8.121132
0;70104;0.81402856;6.4068837;8.255207
0;70154;0.32561144;7.1826053;7.536947
0;70204;0.7374141;7.0102224;7.8529816
0;70254;0.92895025;5.8801594;8.791509
0;70304;-0.08619126;3.821146;8.7053175
0;70355;0.076614454;4.4244847;8.121132
0;70404;0.8331822;4.6926355;7.843405
0;70454;0.51714754;5.6407394;8.465898
0;70504;0.6512229;5.142745;8.169016
0;70554;0.076614454;5.1906295;8.848969
0;70604;0.12449849;5.650316;9.385271
0;70654;0.7374141;5.104438;9.385271
0;70704;0.9959879;5.133168;9.787497
0;70754;0.91937345;5.2768207;8.935161
0;70804;0.93852705;4.999093;8.63828
0;70854;0.59376204;5.9280434;8.762778
0;70904;0.45968673;6.167464;8.149862
0;70954;-0.02873042;8.66701;5.9567738
0;71004;-0.48841715;1.2545617;11.741165
0;71054;0.20111294;4.367024;9.77792
0;71104;0.23942018;3.9360676;9.797073
0;71154;0.51714754;3.5338416;9.500193
0;71204;0.5554548;3.7349546;9.500193
0;71254;-0.15322891;3.8115692;9.548077
0;71304;0.038307227;3.620033;9.5385
0;71354;0.45968673;3.6487634;9.346964
0;71404;-0.047884032;3.6104562;9.414001
0;71454;0.50757074;3.9552212;9.471462
0;71502;1.1300632;4.0318356;9.414001
0;71552;0.51714754;4.0414124;9.3661175
0;71635;0.641646;3.9552212;9.279925
0;71658;0.2777274;3.86903;9.155427
0;71702;0.45010993;3.8019924;9.32781
0;71751;1.4269443;4.0797195;9.308656
0;71800;0.92895025;4.0797195;9.232041
0;71850;0.24899697;3.9552212;9.299079
0;71900;0.89064306;4.050989;9.193734
0;71950;1.7717092;3.8594532;9.299079
0;72003;1.436521;4.003105;9.155427
0;72054;1.091756;4.003105;9.3182335
0;72105;0.6991069;4.012682;9.241618
0;72154;1.0151415;3.9839516;9.270349
0;72204;1.1492168;4.098873;9.232041
0;72254;1.1109096;4.003105;9.337387
0;72304;1.1875241;4.098873;9.404425
0;72354;1.1204864;4.2042184;9.346964
0;72404;0.7565677;4.663905;8.90643
0;72454;0.60333884;4.7884035;8.868123
0;72504;0.6991069;4.711789;8.791509
0;72554;0.59376204;4.912902;9.097966
0;72604;0.6991069;4.960786;9.021352
0;72654;0.81402856;5.2863975;8.647857
0;72704;0.51714754;5.554548;8.379706
0;72754;0.45968673;5.7748146;8.063671
0;72804;0.019153614;6.0142345;7.97748
0;72854;-0.009576807;6.3111157;7.833828
0;72904;0.30645782;6.445191;7.479486
0;72954;0.4405331;6.579266;7.3549876
0;73004;0.4309563;6.7229185;7.489063
0;73055;-0.5746084;7.1155677;7.690176
0;73104;-0.1340753;7.029376;7.575254
0;73154;0.59376204;7.5561004;7.297527
0;73204;0.58418524;8.465898;7.1634517
0;73254;-0.16280572;7.201759;8.111555
0;73304;1.3503298;1.8674773;7.5561004
0;73354;0.6991069;3.7732618;8.255207
0;73404;0.19153613;6.445191;8.015787
0;73454;0.47884035;6.0238113;7.5082164
0;73504;0.7374141;6.349423;7.9583263
0;73554;0.4309563;6.1004257;8.599973
0;73604;0.5363012;5.9663506;8.839393
0;73654;0.7182605;5.2002063;9.040505
0;73702;0.7182605;4.5681367;9.002198
0;73752;0.30645782;6.6079965;9.749189
0;73804;0.5267244;5.6120086;8.858546
0;73854;0.8714894;5.6215854;8.829816
0;73904;-0.25857377;7.2592196;9.624691
0;73954;0.8523358;5.1523223;7.776367
0;74004;0.047884032;4.9320555;7.9870567
0;74054;0.51714754;4.309563;6.4643445
0;74128;0.60333884;3.2465374;9.864111
0;74154;0.10534488;2.8538885;9.80665
0;74204;0.5267244;3.3806129;9.519346
0;74254;0.12449849;3.6296098;9.557653
0;74304;1.1971009;4.31914;9.299079
0;74354;0.41180268;3.86903;9.375694
0;74404;0.62249243;4.012682;9.3182335
0;74453;1.0821792;3.9456444;9.260772
0;74514;0.94810385;4.1180267;9.289502
0;74552;0.6607997;3.9073372;9.385271
0;74602;0.89064306;4.10845;9.222465
0;74653;0.91937345;3.8307228;9.346964
0;74704;0.6607997;4.098873;9.193734
0;74754;0.7374141;4.0318356;9.222465
0;74804;0.7086837;4.050989;9.203311
0;74854;0.80445176;4.1371803;9.193734
0;74904;0.6607997;4.1371803;9.174581
0;74954;0.80445176;4.1276035;9.193734
0;75004;0.7469909;4.0797195;9.260772
0;75054;0.81402856;4.1180267;9.184157
0;75104;0.842759;4.098873;9.212888
0;75153;0.7374141;4.0701427;9.193734
0;75204;0.7374141;4.0222588;9.299079
0;75254;0.92895025;4.098873;9.222465
0;75304;0.7469909;4.050989;9.232041
0;75354;0.7086837;3.9935284;9.375694
0;75404;0.9959879;4.0318356;9.414001
0;75454;0.82360536;4.367024;9.232041
0;75504;0.6703765;4.3287168;9.346964
0;75554;0.9768343;4.6351743;9.107543
0;75604;0.51714754;4.606444;9.011775
0;75654;0.60333884;5.2385135;8.465898
0;75704;0.40222588;5.401319;8.418014
0;75754;0.2681506;5.7269306;8.169016
0;75805;0.1436521;6.0046577;7.9487495
0;75854;-0.009576807;6.2632318;7.8529816
0;75904;-0.19153613;6.2728086;7.9008656
0;75954;-0.038307227;6.5026517;7.747637
0;76004;0.047884032;6.7708025;7.5944076
0;76054;0.11492168;6.885724;7.469909
0;76104;0.047884032;7.1730285;7.699753
0;76154;0.1436521;7.795521;7.7093296
0;76204;0.009576807;8.082825;7.4028716
0;76254;-0.641646;6.789956;8.293514
0;76304;0.7661445;3.763685;8.90643
0;76354;0.9576807;4.6255975;7.632715
0;76404;0.16280572;5.1906295;6.646304
0;76454;-0.20111294;6.167464;7.8146744
0;76504;0.5554548;7.690176;8.149862
0;76554;1.0342951;6.5122285;7.929596
0;76602;0.29688102;7.038953;9.088389
0;76652;0.49799395;6.5122285;9.021352
0;76704;0.81402856;5.2480903;8.772355
0;76754;0.78529817;4.9799395;8.724471
0;76804;0.94810385;4.4915223;7.967903
0;76854;0.19153613;7.9104424;8.504205
0;76904;0.6607997;6.090849;6.8282633
0;76954;0.21068975;8.408437;7.8146744
0;77004;0.82360536;4.0701427;8.504205
0;77055;0.7757214;4.4819455;10.371682
0;77103;0.076614454;4.9703627;10.496181
0;77152;0.095768064;3.3135753;9.682152
0;77204;0.4405331;3.2752678;9.404425
0;77254;0.08619126;2.8921957;9.509769
0;77304;0.5554548;3.7541082;9.461885
0;77354;0.8523358;3.8402996;9.241618
0;77404;0;4.213795;9.241618
0;77454;1.2545617;4.1371803;9.433155
0;77504;0.90021986;4.0318356;9.279925
0;77554;0.8810662;4.0701427;9.232041
0;77604;0.90979666;3.9935284;9.289502
0;77655;0.5267244;4.050989;9.232041
0;77704;0.9959879;3.9552212;9.3661175
0;77754;0.6991069;4.1276035;9.155427
0;77805;0.5267244;3.964798;9.241618
0;77854;0.6799533;4.0222588;9.241618
0;77904;0.842759;4.0318356;9.260772
0;77954;1.1683705;4.175488;9.222465
0;78004;0.8331822;4.012682;9.241618
0;78054;0.7469909;4.261679;9.107543
0;78104;0.8619126;4.10845;9.193734
0;78154;0.81402856;4.3287168;9.097966
0;78204;0.63206923;4.175488;9.165004
0;78254;0.842759;4.1180267;9.279925
0;78304;1.1875241;4.2042184;9.232041
0;78353;1.091756;4.4244847;9.193734
0;78404;0.9576807;4.2999864;9.3182335
0;78454;0.7374141;4.4915223;9.203311
0;78504;0.80445176;4.596867;9.059659
0;78554;0.7661445;4.9703627;9.097966
0;78604;1.2066777;4.999093;8.63828
0;78654;0.7374141;5.4779334;8.283937
0;78704;0.59376204;5.6886234;8.207323
0;78754;0.7469909;6.1387334;8.025364
0;78804;0.6607997;6.38773;7.929596
0;78854;0.35434186;6.646304;7.728483
0;78904;0.48841715;7.479486;7.240066
0;78954;-0.15322891;8.149862;7.345411
0;79004;1.4077905;5.7269306;9.212888
0;79054;1.532289;3.3327289;8.054094
0;79104;0.4309563;4.5298295;8.341399
0;79157;0.6799533;4.999093;7.833828
0;79202;1.091756;5.9759274;7.9870567
0;79254;1.541866;6.1387334;7.7572136
0;79304;0.9959879;6.0142345;8.810662
0;79354;0.6991069;5.544971;8.63828
0;79404;0.7757214;5.8705826;9.356541
0;79454;1.091756;4.8937483;8.887277
0;79504;0.92895025;5.9280434;9.691729
0;79555;0.89064306;5.257667;8.810662
0;79604;0.48841715;7.3071036;9.078813
0;79654;0.6799533;6.6271505;8.034941
0;79704;0.59376204;5.8705826;7.422025
0;79754;0.4405331;6.8761473;8.580819
0;79804;-0.45010993;2.7006595;10.113108
0;79854;1.4460979;5.45878;10.5919485
0;79904;-0.40222588;4.673482;10.371682
0;79954;0.047884032;3.2273839;9.500193
0;80004;0.019153614;2.9592333;9.385271
0;80054;0.22026655;3.8594532;9.557653
0;80104;1.2258313;4.1659107;9.3661175
0;80154;0;3.715801;9.337387
0;80204;1.0630256;4.1371803;9.356541
0;80254;0.90021986;4.0222588;9.308656
0;80304;0.6799533;3.964798;9.337387
0;80354;0.6703765;3.9456444;9.308656
0;80404;0.9959879;3.9935284;9.3182335
0;80454;0.7086837;4.175488;9.203311
0;80504;1.1492168;4.0797195;9.232041
0;80554;1.5227122;3.8498764;9.251195
0;80604;1.091756;3.9839516;9.232041
0;80654;1.1300632;4.012682;9.184157
0;80704;1.2162545;3.9743748;9.184157
0;80754;1.4460979;3.8977604;9.184157
0;80804;1.3503298;3.9264908;9.241618
0;80854;1.5035586;3.9935284;9.126697
0;80903;0.7661445;4.1276035;9.289502
0;80954;0.7278373;4.10845;9.222465
0;81004;1.4748282;4.0701427;9.184157
0;81054;1.1109096;4.0892963;9.385271
0;81104;1.2066777;4.2425256;9.241618
0;81154;0.7565677;4.405331;9.232041
0;81204;0.7182605;4.55856;9.011775
0;81254;0.8810662;4.711789;8.896853
0;81304;0.8619126;4.7979803;9.193734
0;81354;1.1013328;5.0278234;8.935161
0;81404;0.78529817;5.45878;8.446744
0;81454;0.5363012;5.6215854;8.1881695
0;81504;0.5746084;5.9759274;7.9104424
0;81554;0.60333884;6.196194;7.776367
0;81615;0.1436521;6.5026517;7.651869
0;81669;0.45968673;6.540959;7.52737
0;81707;0.545878;6.7803793;7.517793
0;81750;0.32561144;7.1634517;7.690176
0;81800;0.2873042;7.8625584;7.1347213
0;81851;-0.45968673;8.034941;7.07726
0;81904;-0.08619126;7.067683;7.6231384
0;81953;1.3790601;3.7732618;7.5082164
0;82004;-0.34476504;4.8841715;8.379706
0;82054;-0.095768064;4.8362875;8.034941
0;82104;0.51714754;4.4723687;8.963891
0;82154;0.641646;4.4819455;8.90643
0;82205;0.93852705;5.3247046;9.279925
0;82253;0.7374141;6.5122285;10.132261
0;82302;0.9959879;6.129156;8.8777
0;82354;0.82360536;5.9184666;9.423578
0;82404;0.79487497;5.9184666;9.270349
0;82454;0.41180268;5.899313;8.925584
0;82504;0.4213795;5.6886234;8.628703
0;82555;0.7278373;5.506664;7.73806
0;82604;0.60333884;6.2728086;7.431602
0;82654;0.5746084;5.094861;6.646304
0;82704;1.2545617;-0.79487497;12.708423
0;82754;0.9864111;2.2697031;9.040505
0;82804;-0.08619126;3.8498764;10.371682
0;82854;-0.8619126;3.620033;10.036493
0;82904;0.47884035;3.6774938;9.758766
0;82954;0.29688102;3.4955344;9.528923
0;83004;-0.6512229;2.9592333;9.481039
0;83054;0.34476504;3.6774938;9.586384
0;83104;0.9768343;3.964798;9.940725
0;83154;-0.50757074;3.6870706;9.471462
0;83204;-0.19153613;3.4572272;9.653421
0;83254;-0.9672575;3.0550013;9.346964
0;83304;-0.81402856;2.920926;9.375694
0;83350;-0.38307226;3.6104562;9.375694
0;83400;-1.1013328;3.7924154;9.32781
0;83454;-1.3311762;3.6391866;9.481039
0;83500;0.05746084;3.763685;9.595961
0;83550;-0.6799533;3.3997664;9.193734
0;83600;-0.48841715;3.620033;9.32781
0;83654;0.15322891;4.5394063;9.32781
0;83704;-0.6799533;3.821146;8.983045
0;83753;2.2601264;4.7788267;9.299079
0;83802;-0.6703765;4.261679;8.887277
0;83853;0.8331822;4.6926355;9.050082
0;83903;2.6719291;3.5434184;9.3661175
0;83953;2.3080103;3.7732618;9.193734
0;84004;1.3694834;4.003105;9.136273
0;84054;1.0055647;4.003105;9.251195
0;84104;1.2066777;4.0414124;9.184157
0;84154;0.82360536;3.9073372;9.337387
0;84204;1.3024458;3.9552212;9.260772
0;84254;1.1971009;4.012682;9.337387
0;84304;1.7812861;3.9360676;9.557653
0;84354;1.484405;4.175488;9.414001
0;84404;1.2162545;4.2521024;9.442732
0;84454;1.0821792;4.367024;9.56723
0;84504;1.1013328;4.807557;9.433155
0;84554;2.0590134;4.673482;8.66701
0;84604;1.8962077;6.397307;8.121132
0;84654;0.8331822;6.789956;6.885724
0;84704;-0.019153614;7.9008656;6.1770406
0;84770;-0.45968673;8.504205;6.588843
0;84802;-0.17238252;7.0102224;8.6574335
0;84852;0.41180268;4.548983;7.690176
0;84904;0.45010993;4.501099;7.345411
0;84954;0.37349546;5.2959743;7.52737
0;85004;0.7374141;6.1770406;7.8050976
0;85054;1.0630256;6.14831;7.9391727
0;85104;0.7565677;6.0046577;8.676587
0;85154;0.7278373;5.7748146;8.781932
0;85204;1.1971009;6.4164605;9.337387
0;85254;1.436521;6.6271505;9.165004
0;85304;1.1300632;6.3589997;8.169016
0;85354;1.0821792;6.5122285;7.9966335
0;85404;0.5267244;5.9280434;7.833828
0;85454;0.5267244;6.1866174;6.579266
0;85504;0.47884035;6.0046577;5.056554
0;85554;0.58418524;3.3997664;11.204864
0;85604;1.4748282;6.3302693;11.204864
0;85654;-0.15322891;3.2082303;9.241618
0;85704;1.541866;4.654328;9.251195
0;85754;1.3024458;4.280833;9.251195
0;85804;1.0247183;4.357447;9.270349
0;85854;1.1875241;4.146757;9.32781
0;85904;1.5227122;4.0318356;9.32781
0;85954;1.2449849;4.261679;9.11712
0;86004;0.6703765;4.223372;9.279925
0;86054;1.0151415;4.261679;9.155427
0;86104;1.1875241;3.9552212;9.203311
0;86154;1.1300632;4.012682;9.155427
0;86204;1.0342951;4.2042184;9.097966
0;86254;0.91937345;4.0318356;9.289502
0;86304;0.94810385;3.9360676;9.356541
0;86354;1.283292;4.1180267;9.3182335
0;86404;1.1971009;4.223372;9.356541
0;86454;0.92895025;4.3861775;9.126697
0;86504;0.58418524;4.673482;8.935161
0;86554;0.80445176;4.7500963;8.868123
0;86604;0.9576807;4.548983;9.11712
0;86654;0.94810385;4.960786;9.404425
0;86704;1.0247183;5.1140146;8.839393
0;86754;0.45010993;6.205771;9.193734
0;86804;-0.6799533;6.301539;9.069236
0;86852;-0.10534488;7.967903;7.2113357
0;86902;-0.33518824;6.7612257;7.603985
0;86954;1.436521;4.1659107;7.929596
0;87004;-0.02873042;3.2752678;8.772355
0;87054;0.50757074;3.8594532;8.791509
0;87104;1.3503298;4.261679;8.552089
0;87154;0.7086837;4.4915223;9.107543
0;87204;0.17238252;5.104438;9.059659
0;87254;0.6703765;6.8569937;9.002198
0;87303;0.79487497;6.8665705;8.743625
0;87354;0.31603462;6.8665705;8.944737
0;87404;0.19153613;5.8226986;8.073248
0;87454;0.06703765;7.2783732;8.724471
0;87504;0.16280572;6.895301;7.575254
0;87554;0.5554548;9.615114;4.4915223
0;87605;1.1109096;3.3997664;13.369223
0;87654;0.2681506;4.9224787;10.419566
0;87704;0.38307226;3.5051112;9.5385
0;87754;0.91937345;4.003105;9.289502
0;87804;1.0821792;4.4340615;9.222465
0;87854;1.733402;4.280833;9.3182335
0;87904;0.7182605;4.156334;9.356541
0;87954;0.93852705;4.0222588;9.346964
0;88004;0.80445176;4.280833;9.107543
0;88055;1.1587936;4.2042184;9.222465
0;88104;1.2258313;4.0892963;9.289502
0;88154;0.8810662;4.213795;9.088389
0;88203;1.0342951;4.271256;9.136273
0;88254;1.1109096;4.232949;9.174581
0;88304;1.0055647;4.2042184;9.279925
0;88354;0.94810385;4.2999864;9.203311
0;88404;0.6607997;4.673482;9.14585
0;88454;1.0342951;4.7500963;8.944737
0;88504;0.92895025;4.9703627;8.820239
0;88554;0.7374141;4.6926355;9.720459
0;88603;1.1492168;5.142745;9.270349
0;88654;2.2122424;5.48751;9.14585
0;88700;0.21068975;6.253655;9.77792
0;88750;-0.20111294;8.532935;7.920019
0;88801;0.7374141;5.544971;10.5919485
0;88855;0.7278373;0.9672575;8.073248
0;88905;-0.48841715;3.016694;8.580819
0;88954;-0.02873042;4.5872903;8.561666
0;89004;0.8619126;5.2385135;9.069236
0;89054;0.5267244;5.7365074;9.232041
0;89104;0.61291564;5.7365074;9.059659
0;89154;1.0247183;6.981492;9.3661175
0;89202;1.091756;6.445191;8.207323
0;89254;0.59376204;8.7532015;8.734048
0;89304;0.41180268;7.9104424;7.5944076
0;89354;0.1340753;10.965444;7.240066
0;89404;-0.4405331;9.174581;5.2863975
0;89454;0.35434186;2.566584;14.077906
0;89504;0.019153614;2.719813;9.069236
0;89554;-0.15322891;3.715801;9.739613
0;89604;1.9440918;4.1276035;9.14585
0;89654;1.1587936;4.185065;9.682152
0;89704;0.20111294;4.271256;9.308656
0;89754;0.7565677;4.2042184;9.184157
0;89804;1.3120226;3.9456444;9.222465
0;89854;1.4269443;4.098873;9.165004
0;89904;1.13964;4.050989;9.078813
0;89954;0.9864111;3.9743748;9.270349
0;90004;0.89064306;3.9743748;9.270349
0;90054;1.2545617;3.9839516;9.375694
0;90104;0.9768343;3.8881836;9.433155
0;90154;1.5131354;3.8786068;9.528923
0;90204;1.685518;4.003105;9.385271
0;90254;1.5514427;4.414908;9.394848
0;90304;1.0534488;4.5872903;9.126697
0;90354;1.541866;4.5298295;9.385271
0;90404;1.8674773;4.7979803;8.8777
0;90454;1.7908629;5.3438582;9.021352
0;90504;1.2162545;6.033388;9.701305
0;90555;0.59376204;7.28795;8.829816
0;90604;-0.36391866;9.56723;8.552089
0;90653;1.7812861;-0.5363012;8.810662
0;90703;0.8619126;2.4516625;8.207323
0;90754;0.89064306;4.6926355;8.389283
0;90804;0.82360536;5.9663506;8.331821
0;90854;0.17238252;6.742072;8.90643
0;90904;-0.2681506;6.8091097;8.686164
0;90954;0.06703765;6.7708025;8.925584
0;91004;0.4309563;6.0621185;8.714894
0;91053;0.076614454;7.383718;9.030929
0;91104;0.21068975;6.1004257;7.4124484
0;91150;-0.48841715;9.490616;8.341399
0;91201;0.2873042;7.2783732;5.315128
0;91251;-0.59376204;4.2999864;15.294161
0;91305;0.92895025;2.9496565;8.944737
0;91357;0.1340753;3.9935284;9.595961
0;91404;1.0151415;4.501099;9.260772
0;91454;0.7374141;3.9743748;9.308656
0;91504;1.7908629;4.0892963;9.509769
0;91554;1.4077905;4.223372;9.222465
0;91620;0.5363012;3.9839516;9.3182335
0;91654;0.6895301;3.8881836;9.251195
0;91704;0.82360536;3.8881836;9.251195
0;91754;0.9864111;4.0892963;9.203311
0;91804;0.79487497;3.9839516;9.3182335
0;91854;1.1779473;4.060566;9.260772
0;91904;1.1587936;3.9073372;9.461885
0;91954;1.2354081;4.1371803;9.414001
0;92004;1.0534488;4.271256;9.442732
0;92054;1.091756;4.5872903;9.222465
0;92104;0.8810662;4.673482;9.14585
0;92154;0.80445176;4.6351743;9.136273
0;92204;1.2641385;4.999093;8.954314
0;92254;1.8483237;5.659893;8.264784
0;92304;1.2641385;5.7843914;8.781932
0;92354;-0.45010993;7.2113357;9.155427
0;92404;0.38307226;7.785944;7.8625584
0;92466;-0.19153613;7.038953;8.734048
0;92503;1.388637;3.6966474;9.816227
0;92552;-0.641646;3.7541082;8.734048
0;92609;0.2681506;5.363012;7.297527
0;92654;0.59376204;5.6790466;7.5465236
0;92700;0.80445176;6.3781533;7.4028716
0;92751;0.7278373;6.8186865;8.130709
0;92801;0.90021986;7.153875;8.159439
0;92857;0.8523358;7.0581064;8.695741
0;92904;0.36391866;7.2113357;8.350976
0;92954;-0.1436521;8.360553;8.810662
0;93004;-0.842759;10.237606;8.111555
0;93054;-1.9153614;16.156073;5.0182467
0;93104;1.283292;4.0892963;12.919112
0;93154;-0.5267244;4.232949;9.634268
0;93204;1.0247183;4.5298295;9.442732
0;93254;0.9768343;4.0797195;9.423578
0;93304;0.50757074;3.9264908;9.500193
0;93354;0.4405331;4.0318356;9.375694
0;93404;0.7469909;3.9360676;9.289502
0;93454;1.1875241;3.9839516;9.32781
0;93504;0.6991069;4.0701427;9.155427
0;93554;0.7661445;4.0222588;9.279925
0;93604;0.92895025;4.0892963;9.136273
0;93654;1.0151415;4.0318356;9.3182335
0;93703;0.90021986;3.8881836;9.394848
0;93755;1.1683705;4.0892963;9.490616
0;93804;1.091756;4.4915223;9.260772
0;93854;1.0630256;4.4340615;9.337387
0;93904;0.9672575;4.501099;9.289502
0;93954;0.5267244;4.912902;9.739613
0;94004;1.1587936;4.855441;9.14585
0;94054;1.1683705;5.401319;8.935161
0;94104;0.02873042;6.703765;9.500193
0;94154;0.18195933;10.208876;8.073248
0;94204;0.4405331;7.086837;9.155427
0;94254;1.3503298;0.7182605;8.504205
0;94304;0.4309563;2.1452048;8.6095495
0;94354;0.79487497;5.056554;8.485051
0;94404;1.0055647;6.2345014;7.7572136
0;94454;0.6799533;6.9144545;7.795521
0;94504;-0.15322891;7.680599;8.39886
0;94552;-0.047884032;7.785944;8.571242
0;94604;0.31603462;7.0485296;8.341399
0;94654;0.48841715;7.73806;9.069236
0;94704;1.0726024;5.305551;7.441179
0;94754;0.2681506;9.883265;8.303091
0;94804;1.0342951;7.8050976;5.9280434
0;94854;-0.9864111;6.6271505;14.106636
0;94904;-0.81402856;10.745177;13.397953
0;94954;-0.7565677;3.964798;9.586384
0;95005;1.733402;4.2521024;9.356541
0;95054;1.6950948;4.2521024;9.375694
0;95104;0.7565677;4.1659107;9.433155
0;95154;0.9672575;4.1276035;9.308656
0;95204;0.60333884;4.0701427;9.222465
0;95254;0.5650316;3.8307228;9.308656
0;95304;0.82360536;4.098873;9.193734
0;95354;0.7278373;4.213795;9.097966
0;95404;0.11492168;3.7541082;9.270349
0;95454;1.091756;4.0797195;9.155427
0;95504;1.9536686;3.8402996;9.299079
0;95554;1.3120226;3.8307228;9.404425
0;95604;1.2737153;3.821146;9.509769
0;95654;1.3599066;4.0222588;9.586384
0;95704;1.0821792;4.2521024;9.471462
0;95754;0.842759;4.357447;9.414001
0;95804;0.94810385;4.5298295;9.643845
0;95854;1.6184803;4.5394063;9.279925
0;95904;1.3599066;4.9224787;9.3661175
0;95954;-1.0151415;6.588843;10.505757
0;96004;0.15322891;8.149862;8.599973
0;96054;2.384625;3.2273839;11.377247
0;96104;1.0630256;-0.41180268;8.724471
0;96154;0.1436521;2.2601264;8.178593
0;96204;0.39264908;4.817134;8.916007
0;96254;1.1587936;6.531382;8.322245
0;96304;0.10534488;7.7189064;8.485051
0;96354;-0.038307227;7.7667904;8.619126
0;96404;0.2873042;6.5696893;8.848969
0;96454;0.4309563;6.129156;9.299079
0;96504;0.5746084;4.817134;8.619126
0;96554;0.2777274;7.6231384;8.762778
0;96604;0.1436521;6.435614;7.1059904
0;96654;1.2641385;13.666103;0.94810385
0;96704;-1.5227122;3.0454245;13.9151
0;96754;0.91937345;3.016694;9.471462
0;96804;0.095768064;3.6296098;9.77792
0;96854;1.9728222;4.5202527;9.385271
0;96904;0.6703765;4.146757;9.337387
0;96954;0.32561144;3.9839516;9.442732
0;97004;1.0342951;4.0797195;9.299079
0;97054;0.81402856;3.8977604;9.337387
0;97104;0.6799533;3.9360676;9.222465
0;97154;0.4309563;3.8977604;9.184157
0;97204;1.0726024;3.8977604;9.337387
0;97254;1.0151415;3.9360676;9.299079
0;97304;1.3215994;3.9264908;9.299079
0;97354;1.091756;3.7732618;9.375694
0;97404;0.8714894;3.9360676;9.308656
0;97454;1.3982137;3.7924154;9.481039
0;97504;1.541866;4.0701427;9.528923
0;97566;1.2449849;4.3478703;9.586384
0;97609;1.1492168;4.280833;9.356541
0;97650;1.0534488;4.5681367;9.509769
0;97701;1.5514427;4.673482;9.050082
0;97751;1.7046716;5.056554;8.63828
0;97801;1.4748282;6.540959;8.90643
0;97855;0.5363012;7.699753;8.571242
0;97904;-0.02873042;9.672575;7.9487495
0;97954;1.8579005;2.3463178;9.864111
0;98004;0.80445176;1.3024458;7.5561004
0;98054;0.61291564;4.4340615;8.599973
0;98104;1.1013328;5.410896;8.197746
0;98154;1.388637;6.789956;8.590396
0;98204;0.35434186;6.244078;8.590396
0;98254;0.10534488;6.0142345;8.734048
0;98303;0.9672575;6.0716953;9.385271
0;98353;1.1587936;6.0142345;9.442732
0;98400;0.7374141;5.7748146;9.251195
0;98450;0.90979666;8.341399;8.791509
0;98501;0.4213795;7.2113357;6.6846113
0;98551;0.78529817;12.018892;2.9400797
0;98602;-0.545878;7.441179;8.676587
0;98654;-1.1587936;7.019799;11.626244
0;98704;1.0534488;3.1603463;9.509769
0;98754;0.6512229;3.7924154;9.32781
0;98804;0.47884035;3.8977604;9.481039
0;98854;0.7661445;3.8977604;9.490616
0;98904;1.5131354;4.3287168;9.241618
0;98954;0.7182605;3.964798;9.346964
0;99004;1.2162545;4.10845;9.184157
0;99054;0.63206923;3.821146;9.32781
0;99104;0.6512229;3.9360676;9.241618
0;99154;1.13964;3.8881836;9.3182335
0;99204;1.0534488;4.0414124;9.260772
0;99254;0.58418524;3.964798;9.404425
0;99304;1.4269443;3.916914;9.308656
0;99354;1.4173675;4.0797195;9.471462
0;99404;1.2641385;4.3766007;9.385271
0;99454;0.8523358;4.3766007;9.404425
0;99504;1.4939818;4.55856;9.299079
0;99555;1.5131354;4.5394063;9.404425
0;99604;1.3503298;4.8362875;9.193734
0;99652;1.3503298;4.9799395;8.90643
0;99702;1.685518;6.8282633;8.312668
0;99754;1.4652514;8.350976;7.747637
0;99804;-0.38307226;10.275913;7.680599
0;99854;2.2888567;2.719813;9.461885
0;99904;0.8523358;2.0111294;7.5944076
0;99954;0.23942018;4.2521024;7.5944076
0;100004;1.0726024;5.4779334;7.872135
0;100054;1.1587936;6.540959;8.322245
0;100103;0.58418524;6.7803793;8.42759
0;100152;0.33518824;6.6271505;8.7532015
0;100200;1.1109096;6.0142345;9.232041
0;100250;1.1683705;6.0142345;9.107543
0;100301;0.6512229;6.789956;9.260772
0;100351;0.51714754;7.029376;7.7572136
0;100404;0.58418524;8.255207;8.580819
0;100454;1.1683705;6.885724;3.715801
0;100504;0.6799533;13.532028;3.2369606
0;100554;-0.22026655;7.9966335;11.760319
0;100604;0.78529817;3.8594532;9.5385
0;100654;0.31603462;3.514688;9.3182335
0;100704;1.3790601;4.405331;9.595961
0;100754;1.1971009;4.0892963;9.528923
0;100804;0.641646;3.8786068;9.375694
0;100854;0.51714754;3.8881836;9.308656
0;100904;1.6759412;3.821146;9.375694
0;100954;0.7278373;4.1180267;9.193734
0;101004;1.13964;3.9264908;9.375694
0;101054;0.7757214;3.86903;9.414001
0;101104;1.043872;4.003105;9.279925
0;101154;1.3311762;4.050989;9.32781
0;101204;1.8674773;3.964798;9.375694
0;101254;0.9864111;4.175488;9.481039
0;101304;1.532289;4.4915223;8.954314
0;101354;1.0821792;4.55856;9.097966
0;101403;1.5035586;4.8458643;9.11712
0;101454;1.4939818;4.673482;9.270349
0;101504;1.6089035;4.721366;9.011775
0;101555;1.1779473;6.5218053;8.446744
0;101616;1.4269443;6.6654577;7.8529816
0;101692;1.1779473;7.2783732;7.4603324
0;101703;1.13964;10.936713;7.3071036
0;101750;0.92895025;7.192182;9.11712
0;101800;1.733402;4.673482;9.279925
0;101855;1.292869;3.016694;7.2209125
0;101899;0.36391866;4.271256;7.144298
0;101950;0.5650316;5.1235914;7.642292
0;102000;0.8331822;7.1347213;8.475474
0;102054;0.5363012;7.1730285;8.312668
0;102104;0.29688102;7.8625584;9.337387
0;102155;1.2737153;6.933608;9.021352
0;102204;1.2449849;6.943185;9.107543
0;102254;1.1683705;5.8801594;8.1402855
0;102304;1.3120226;5.8801594;8.494628
0;102354;0.81402856;5.6982;8.0445175
0;102404;0.49799395;7.489063;5.583278
0;102454;-0.46926352;2.815581;13.01488
0;102504;-1.2449849;7.28795;12.200851
0;102555;1.1683705;3.8402996;10.228029
0;102604;-0.94810385;3.1411927;9.346964
0;102654;1.043872;4.060566;9.3661175
0;102704;1.9919758;4.2521024;9.5385
0;102754;1.8579005;4.1180267;9.452309
0;102804;0.1340753;3.9360676;9.308656
0;102854;1.043872;3.9552212;9.3182335
0;102904;2.0207062;3.8307228;9.165004
0;102954;1.4460979;3.8594532;9.232041
0;103004;1.7046716;3.7445314;9.279925
0;103054;0.45968673;4.2425256;9.251195
0;103104;0.90979666;3.9456444;9.260772
0;103154;0.5746084;4.1371803;9.251195
0;103202;1.5610195;3.8786068;9.557653
0;103252;1.6089035;4.0892963;9.394848
0;103303;1.1013328;4.548983;9.232041
0;103354;1.2545617;4.4340615;9.107543
0;103403;1.1204864;4.7884035;9.155427
0;103453;1.13964;4.8937483;9.011775
0;103504;0.78529817;5.2385135;8.820239
0;103554;1.292869;6.205771;8.379706
0;103604;1.2162545;6.445191;8.504205
0;103654;1.2258313;7.3645644;8.207323
0;103704;0.16280572;7.249643;7.7189064
0;103754;2.6719291;6.033388;10.658986
0;103804;0.4213795;2.9975405;8.331821
0;103854;0.23942018;3.1986535;7.9487495
0;103904;0.24899697;4.673482;7.2687964
0;103966;0.7661445;6.1387334;7.795521
0;104002;0.5650316;7.4603324;8.1881695
0;104052;0.24899697;7.1347213;8.820239
0;104104;0.25857377;7.3071036;9.251195
0;104154;1.2354081;6.8186865;8.868123
0;104204;0.60333884;7.7093296;8.66701
0;104254;0.8810662;8.37013;7.7189064
0;104304;0.7278373;7.3071036;7.2209125
0;104354;0.9959879;7.07726;3.8498764
0;104404;0.7469909;5.2385135;14.288596
0;104454;1.3120226;5.45878;10.7356
0;104504;-0.48841715;3.5913026;9.691729
0;104554;0.47884035;3.466804;9.356541
0;104604;1.2066777;4.4244847;9.624691
0;104654;0.51714754;4.050989;9.346964
0;104704;1.091756;4.1946416;9.241618
0;104754;0.90021986;3.8786068;9.299079
0;104804;0.8619126;3.8881836;9.3182335
0;104854;1.2449849;3.9935284;9.299079
0;104904;0.842759;4.0797195;9.193734
0;104954;1.1875241;3.8019924;9.528923
0;105004;0.545878;4.0892963;9.193734
0;105054;0.39264908;3.9839516;9.222465
0;105104;1.0342951;4.0222588;9.385271
0;105154;1.8100165;3.9360676;9.471462
0;105204;0.9576807;4.414908;9.260772
0;105254;0.9576807;4.4436383;9.270349
0;105304;0.9672575;4.414908;9.14585
0;105354;0.6607997;4.855441;9.461885
0;105404;0.641646;4.865018;9.423578
0;105454;0.8810662;5.363012;8.829816
0;105504;0.49799395;6.0238113;9.32781
0;105554;0.02873042;6.8665705;8.111555
0;105604;-0.48841715;8.772355;7.2687964
0;105654;0.22984336;8.418014;6.531382
0;105704;1.8483237;3.4284968;7.872135
0;105754;2.1643584;4.5202527;6.0621185
0;105804;0.1340753;6.742072;7.2687964
0;105854;0.29688102;5.9759274;6.7708025
0;105904;-0.06703765;5.535394;7.9104424
0;105954;0.545878;5.171476;7.824251
0;106004;0.8810662;5.6407394;8.350976
0;106052;1.13964;5.5162406;8.944737
0;106104;1.3120226;5.717354;8.925584
0;106153;0.51714754;8.082825;10.189722
0;106203;0.8523358;6.943185;8.303091
0;106253;0.17238252;7.9487495;8.714894
0;106304;0.2681506;15.456966;0.06703765
0;106354;-1.733402;11.36767;7.335834
0;106404;1.5035586;2.8443117;9.461885
0;106454;-0.60333884;2.834735;9.5385
0;106503;1.4652514;4.8937483;9.174581
0;106555;1.283292;4.050989;9.356541
0;106604;1.1875241;3.9743748;9.375694
0;106654;2.1068976;3.916914;9.299079
0;106704;1.4173675;3.8307228;9.289502
0;106754;0.7757214;4.012682;9.270349
0;106804;1.532289;3.8307228;9.212888
0;106854;1.1204864;4.012682;9.184157
0;106904;1.2737153;3.6391866;9.375694
0;106954;1.1875241;3.8977604;9.270349
0;107004;1.3311762;3.9264908;9.279925
0;107054;1.4652514;3.9456444;9.232041
0;107104;1.5897499;3.9456444;9.404425
0;107154;1.2545617;4.261679;9.212888
0;107204;1.0726024;4.663905;9.136273
0;107254;1.3790601;4.280833;9.165004
0;107304;1.2641385;4.4915223;9.241618
0;107354;1.1971009;4.8937483;9.404425
0;107404;1.3982137;4.654328;9.222465
0;107454;1.1300632;5.171476;8.791509
0;107504;1.8866309;6.4260373;8.1402855
0;107554;1.3024458;6.7133417;8.121132
0;107603;0.842759;9.471462;8.073248
0;107654;0.40222588;7.5944076;7.52737
0;107704;1.9057846;3.1316159;9.519346
0;107754;0.33518824;3.0454245;8.255207
0;107803;0.46926352;3.9743748;7.680599
0;107853;0.8810662;5.2480903;7.5848308
0;107900;0.94810385;6.339846;8.073248
0;107950;0.5267244;7.374141;8.743625
0;108000;0.45968673;7.086837;8.6574335
0;108055;0.8523358;7.469909;9.050082
0;108105;0.36391866;6.9048777;9.11712
0;108154;0.5746084;5.947197;8.781932
0;108204;-0.2873042;7.469909;9.059659
0;108254;1.4939818;5.9663506;7.335834
0;108304;-0.545878;15.50485;-0.095768064
0;108352;0;3.1124623;14.365211
0;108404;1.3120226;3.0262709;9.3661175
0;108454;-0.94810385;3.0454245;9.251195
0;108504;2.183512;5.439626;9.375694
0;108554;2.087744;4.232949;9.461885
0;108605;1.6280571;4.156334;9.337387
0;108654;0.7661445;3.964798;9.222465
0;108704;1.3599066;3.964798;9.299079
0;108753;1.0055647;3.9935284;9.308656
0;108804;0.8523358;4.1371803;9.126697
0;108853;0.8714894;4.060566;9.222465
0;108904;0.93852705;4.1659107;9.165004
0;108954;0.62249243;3.9743748;9.356541
0;109004;1.5035586;3.9264908;9.404425
0;109056;1.0726024;4.2521024;9.404425
0;109104;1.0151415;4.2042184;9.346964
0;109154;1.1204864;4.596867;9.059659
0;109204;0.94810385;4.501099;9.14585
0;109252;1.13964;4.9320555;8.954314
0;109304;1.3790601;4.865018;9.222465
0;109354;1.0055647;4.8362875;9.222465
0;109404;0.91937345;6.0525417;8.628703
0;109454;1.2162545;6.4739213;8.341399
0;109504;1.6280571;6.8569937;7.872135
0;109554;0.60333884;9.174581;7.536947
0;109604;1.6950948;6.3589997;9.222465
0;109654;1.3024458;2.1547816;7.747637
0;109706;0.45968673;3.4380736;7.9487495
0;109753;0.1340753;5.535394;7.4028716
0;109803;0.9768343;5.592855;7.1730285
0;109850;0.92895025;7.785944;8.350976
0;109900;0.58418524;7.967903;8.494628
0;109950;0.7565677;6.8091097;8.848969
0;109999;1.0726024;6.4164605;8.983045
0;110050;1.1204864;5.45878;9.011775
0;110102;0.58418524;6.0046577;9.605537
0;110154;0.6991069;5.3342814;8.628703
0;110204;0.842759;6.0525417;8.513782
0;110254;0.7374141;5.8801594;7.6135616
0;110304;0.35434186;6.4164605;6.38773
0;110354;-0.9768343;1.484405;13.01488
0;110404;1.1204864;7.4603324;11.654974
0;110454;-0.076614454;2.7581203;9.461885
0;110504;0.5267244;3.7445314;9.662998
0;110555;2.0207062;4.175488;9.394848
0;110604;0.6512229;3.8019924;9.452309
0;110654;0.8810662;4.0414124;9.394848
0;110704;1.3503298;3.9552212;9.404425
0;110754;0.6799533;3.8019924;9.337387
0;110804;0.7565677;3.9360676;9.299079
0;110853;1.2449849;3.9743748;9.222465
0;110902;1.0247183;3.8019924;9.32781
0;110954;1.484405;3.7732618;9.3182335
0;111004;1.4652514;3.8498764;9.279925
0;111054;1.091756;3.6966474;9.32781
0;111104;1.1683705;3.821146;9.414001
0;111154;1.9536686;3.7732618;9.576807
0;111204;1.2258313;4.098873;9.557653
0;111254;1.3503298;4.3478703;9.222465
0;111304;0.6607997;4.644751;9.11712
0;111354;1.0151415;5.0278234;8.829816
0;111404;1.292869;4.6160207;9.232041
0;111454;0.38307226;5.2863975;9.490616
0;111504;-0.1436521;6.6175733;9.471462
0;111554;1.4556746;6.9144545;7.1730285
0;111620;0.90979666;9.404425;7.3071036
0;111653;2.0111294;7.881712;9.749189
0;111703;2.0398598;3.1411927;8.456321
0;111752;-0.31603462;3.8307228;8.350976
0;111804;-0.1340753;4.7500963;7.690176
0;111854;0.5267244;5.1523223;7.8050976
0;111904;1.1013328;7.0485296;8.465898
0;111954;0.80445176;7.2304893;8.331821
0;112004;0.17238252;6.8282633;9.002198
0;112054;0.62249243;6.895301;9.212888
0;112104;0.82360536;6.4739213;8.772355
0;112154;0.80445176;5.4779334;9.241618
0;112204;0.22026655;7.192182;10.390836
0;112254;0.9768343;5.0661306;7.843405
0;112304;0.61291564;6.4260373;8.437167
0;112354;0.18195933;5.2385135;6.7229185
0;112404;2.5761611;0.8619126;12.832921
0;112454;1.532289;4.7022123;10.984597
0;112504;-1.0151415;5.449203;11.243171
0;112554;0.34476504;3.2273839;9.682152
0;112604;0.90979666;3.7349546;9.5385
0;112654;0.58418524;4.10845;9.548077
0;112704;1.0534488;4.501099;9.3182335
0;112754;1.1683705;3.8019924;9.385271
0;112804;0.31603462;3.715801;9.337387
0;112854;0.8810662;4.0701427;9.232041
0;112903;1.5705963;3.9360676;9.279925
0;112954;0.91937345;4.003105;9.251195
0;113004;1.7621324;3.6008794;9.270349
0;113054;1.5897499;3.7924154;9.32781
0;113104;1.2066777;3.715801;9.433155
0;113154;1.6376339;3.667917;9.414001
0;113204;1.8387469;3.8498764;9.576807
0;113254;1.2162545;3.9552212;9.643845
0;113304;0.5554548;4.232949;9.3182335
0;113354;1.0342951;4.721366;8.992621
0;113404;1.3120226;4.673482;9.337387
0;113454;1.532289;4.357447;9.595961
0;113504;1.6089035;4.3478703;9.662998
0;113554;0.51714754;6.9048777;9.193734
0;113604;1.1109096;7.4603324;7.920019
0;113654;-0.4309563;6.9719152;8.0445175
0;113713;0.92895025;1.5897499;7.0102224
0;113752;-0.60333884;1.8770541;7.469909
0;113804;0;5.315128;8.159439
0;113854;0.59376204;5.0661306;7.747637
0;113904;1.0055647;7.0964136;9.346964
0;113954;0.40222588;6.7133417;9.548077
0;114004;0.2777274;6.895301;9.825804
0;114054;0.06703765;6.2823853;9.3661175
0;114104;-0.22026655;7.393295;10.208876
0;114154;0.2777274;4.501099;8.24563
0;114203;0.62249243;4.663905;8.485051
0;114254;-0.11492168;5.8801594;8.312668
0;114304;0.60333884;6.3206925;6.6175733
0;114354;-0.38307226;6.339846;6.244078
0;114404;0.50757074;0.35434186;13.177686
0;114454;4.3861775;7.967903;12.0571995
0;114504;-0.32561144;3.7541082;9.519346
0;114555;2.3942018;4.912902;9.3661175
0;114604;1.9728222;4.414908;9.289502
0;114654;0.6512229;4.10845;9.3661175
0;114703;1.0151415;4.1180267;9.356541
0;114755;0.93852705;3.9935284;9.32781
0;114804;0.7565677;3.86903;9.251195
0;114854;0.33518824;3.9839516;9.222465
0;114904;1.8483237;4.003105;9.299079
0;114954;0.90979666;3.8402996;9.32781
0;115004;1.1300632;3.9552212;9.203311
0;115054;1.733402;3.8881836;9.279925
0;115104;1.1013328;3.7445314;9.414001
0;115154;1.0055647;3.86903;9.490616
0;115204;1.6376339;3.8881836;9.548077
0;115254;0.842759;4.31914;9.471462
0;115304;1.043872;4.31914;9.14585
0;115354;1.0151415;4.5872903;9.155427
0;115404;1.1109096;4.7309427;9.423578
0;115454;1.8579005;4.5202527;9.193734
0;115505;1.2737153;5.2959743;9.988609
0;115552;-0.21068975;6.742072;10.783484
0;115605;-0.05746084;9.758766;8.255207
0;115654;0.6703765;5.93762;9.720459
0;115704;1.484405;0.25857377;7.029376
0;115754;-0.7086837;2.8921957;8.293514
0;115804;-0.33518824;4.4244847;7.699753
0;115854;0.93852705;6.2823853;8.839393
0;115904;0.8714894;7.240066;9.595961
0;115954;0.5363012;6.435614;9.615114
0;116004;0.7182605;6.129156;9.80665
0;116054;1.091756;6.991069;9.998186
0;116104;0.61291564;5.5258174;8.101978
0;116154;0.93852705;7.0581064;8.887277
0;116204;0.6607997;7.728483;7.07726
0;116254;0.8523358;8.00621;3.9073372
0;116304;0.06703765;0.17238252;12.421119
0;116354;0.22026655;3.9456444;10.151415
0;116404;0.25857377;6.0621185;11.118672
0;116454;0.51714754;3.2561142;9.471462
0;116504;0.80445176;3.371036;9.624691
0;116554;-0.076614454;3.4380736;9.595961
0;116604;2.0015526;4.2904096;9.720459
0;116654;0.31603462;3.6966474;9.500193
0;116704;0.47884035;3.7062242;9.32781
0;116753;0.24899697;3.514688;9.270349
0;116804;1.2641385;3.9264908;9.260772
0;116854;1.8291701;3.8115692;9.490616
0;116904;0.4309563;3.8498764;9.346964
0;116954;1.3120226;4.0414124;9.136273
0;117004;1.4077905;3.8977604;9.346964
0;117054;1.7812861;3.620033;9.452309
0;117104;1.5897499;3.9264908;9.662998
0;117154;0.9959879;4.2042184;9.576807
0;117204;0.9959879;4.3766007;9.232041
0;117254;0.91937345;4.7309427;9.030929
0;117304;1.1109096;4.721366;9.011775
0;117354;0.9576807;4.6830587;9.500193
0;117404;1.3599066;5.8322754;8.848969
0;117454;0.9864111;6.531382;8.523358
0;117504;1.532289;7.642292;7.5465236
0;117552;-0.842759;10.362105;8.293514
0;117602;1.9440918;6.205771;10.342952
0;117654;0.25857377;3.41892;8.149862
0;117704;0.08619126;3.7445314;7.7093296
0;117754;0.7086837;5.3247046;7.642292
0;117804;1.2449849;6.14831;8.063671
0;117854;1.3311762;6.301539;7.728483
0;117904;0.7661445;6.694188;8.695741
0;117954;0.89064306;6.4643445;9.11712
0;118004;1.2162545;5.755661;9.222465
0;118054;0.7757214;6.6654577;10.0748005
0;118104;0.5746084;5.257667;9.184157
0;118154;0.2873042;6.7612257;9.844957
0;118204;1.0151415;6.8186865;5.650316
0;118254;0.49799395;11.57836;4.175488
0;118304;-0.06703765;-0.46926352;12.4785795
0;118354;0.6703765;3.7732618;10.28549
0;118404;1.0055647;3.6296098;9.5385
0;118454;0.51714754;4.10845;9.232041
0;118504;0.92895025;4.4436383;9.193734
0;118555;2.4420857;3.86903;9.442732
0;118604;1.2066777;3.7828386;9.32781
0;118654;1.2641385;4.0701427;9.308656
0;118704;0.8810662;4.003105;9.203311
0;118754;0.93852705;4.050989;9.193734
0;118804;0.51714754;3.9456444;9.165004
0;118854;1.340753;3.7062242;9.289502
0;118904;1.1587936;3.7349546;9.414001
0;118954;1.1875241;4.0414124;9.279925
0;119004;1.1875241;3.8498764;9.394848
0;119054;1.4652514;4.1371803;9.3182335
0;119104;1.292869;4.060566;9.385271
0;119154;1.3790601;4.3766007;9.165004
0;119204;1.3311762;4.5681367;9.184157
0;119254;1.4077905;4.55856;9.088389
0;119303;1.0726024;4.817134;9.557653
0;119354;0.9576807;4.548983;9.32781
0;119404;1.5035586;6.205771;8.475474
0;119454;1.8291701;6.435614;7.8625584
0;119504;1.6280571;7.201759;7.038953
0;119554;-0.047884032;10.055647;7.4124484
0;119604;0.019153614;6.751649;6.38773
0;119654;0.93852705;2.5091233;7.019799
0;119704;0;3.8977604;7.8050976
0;119755;-0.6512229;4.807557;7.517793
0;119804;0.32561144;4.721366;7.728483
0;119854;1.5610195;6.2728086;8.925584
0;119904;1.436521;5.707777;9.107543
0;119954;1.388637;5.8705826;9.356541
0;120004;1.388637;7.4124484;9.825804
0;120054;1.388637;7.575254;9.56723
0;120104;1.2066777;6.847417;7.929596
0;120154;0.7565677;10.668563;8.772355
0;120204;0.94810385;8.293514;5.851429
0;120254;-0.038307227;9.662998;8.293514
0;120304;-0.59376204;-0.15322891;11.348516
0;120355;2.030283;6.14831;11.291056
0;120404;-0.06703765;3.6391866;10.28549
0;120454;-0.22984336;2.8060043;9.375694
0;120504;1.0342951;4.0797195;9.576807
0;120554;0.5267244;3.86903;9.5385
0;120625;0.9768343;3.8307228;9.500193
0;120653;0.7278373;3.5242648;9.423578
0;120700;0.60333884;3.4380736;9.394848
0;120750;0.47884035;3.5434184;9.279925
0;120801;1.5035586;3.8977604;9.375694
0;120857;1.0342951;3.7924154;9.337387
0;120905;0.90979666;3.8498764;9.337387
0;120954;1.7812861;3.715801;9.346964
0;121004;1.8004397;3.6966474;9.404425
0;121054;1.8004397;3.8115692;9.605537
0;121104;1.340753;4.31914;9.500193
0;121154;1.5801731;4.2999864;9.241618
0;121204;2.0015526;4.357447;9.030929
0;121254;1.7238252;4.6255975;9.184157
0;121304;1.5514427;4.644751;9.356541
0;121354;1.1109096;5.094861;8.973468
0;121404;3.0454245;6.2249246;7.833828
0;121454;1.4173675;7.019799;8.130709
0;121504;1.3215994;9.241618;7.9391727
0;121555;0.20111294;7.0102224;9.481039
0;121615;1.6376339;2.920926;9.289502
0;121654;-0.24899697;3.6296098;8.274361
0;121704;-0.05746084;4.76925;7.97748
0;121754;0.842759;5.1906295;8.178593
0;121802;1.13964;6.2823853;8.916007
0;121854;1.1300632;6.1387334;8.820239
0;121904;1.292869;7.441179;9.816227
0;121954;1.484405;7.240066;9.002198
0;122004;1.0821792;8.418014;9.433155
0;122054;1.0630256;6.9719152;6.9623384
0;122104;0.8523358;8.063671;7.4603324
0;122154;0.6703765;11.789049;0.2777274
0;122204;0.4405331;5.803545;12.53604
0;122254;-0.46926352;4.1180267;11.147403
0;122303;-0.16280572;4.3957543;10.314221
0;122354;0.23942018;3.3327289;9.576807
0;122404;1.8674773;3.9552212;9.557653
0;122454;0.9672575;3.8019924;9.548077
0;122503;1.0055647;3.8977604;9.3182335
0;122555;1.1683705;3.9935284;9.557653
0;122604;0.6799533;3.6774938;9.433155
0;122654;0.7757214;3.572149;9.404425
0;122702;0.7757214;3.8881836;9.203311
0;122752;0.7182605;3.6774938;9.308656
0;122804;0.51714754;3.6774938;9.433155
0;122854;1.2545617;4.050989;9.289502
0;122904;0.8810662;3.9360676;9.375694
0;122954;1.2545617;3.9360676;9.394848
0;123004;1.043872;4.309563;9.308656
0;123054;0.94810385;4.4436383;9.232041
0;123104;1.0342951;4.5202527;9.299079
0;123183;1.1492168;4.3478703;9.241618
0;123203;1.1109096;4.912902;9.299079
0;123250;1.1204864;4.7309427;9.14585
0;123300;0.25857377;5.899313;9.270349
0;123350;1.0534488;6.943185;7.8050976
0;123407;1.0726024;7.153875;7.4507556
0;123454;-0.5267244;8.341399;7.0581064
0;123504;0.63206923;6.6846113;8.868123
0;123554;1.1300632;3.122039;6.7708025
0;123604;-0.20111294;4.903325;7.6231384
0;123654;-0.095768064;5.6790466;7.345411
0;123704;1.091756;6.8091097;8.42759
0;123754;1.1204864;5.899313;7.872135
0;123804;0.49799395;6.339846;8.887277
0;123854;0.9768343;6.157887;8.858546
0;123904;1.3311762;6.646304;9.107543
0;123954;0.90979666;6.6846113;8.628703
0;124004;0.6703765;7.5561004;9.011775
0;124054;0.9864111;7.153875;7.680599
0;124104;1.043872;9.021352;6.8186865
0;124154;0.59376204;13.187263;0.93852705
0;124204;3.1603463;7.97748;11.990162
0;124254;0.50757074;3.3327289;9.739613
0;124304;-0.7086837;3.1028855;9.595961
0;124354;2.0207062;4.76925;9.548077
0;124404;1.1013328;3.715801;9.461885
0;124454;0.11492168;3.6966474;9.442732
0;124504;1.3503298;3.8786068;9.423578
0;124554;0.5554548;3.7349546;9.260772
0;124604;0.33518824;3.4955344;9.279925
0;124654;1.7621324;4.012682;9.289502
0;124704;1.5035586;3.8019924;9.404425
0;124754;0.7469909;3.8594532;9.279925
0;124804;1.7429788;3.9456444;9.308656
0;124854;1.3694834;3.5338416;9.490616
0;124904;1.3790601;3.8115692;9.500193
0;124954;1.5131354;3.715801;9.519346
0;125004;1.3024458;4.003105;9.471462
0;125054;1.1779473;4.1659107;9.375694
0;125104;1.3599066;4.175488;9.3182335
0;125154;1.283292;4.7022123;9.385271
0;125204;1.0151415;4.4819455;9.80665
0;125252;1.4652514;5.0374002;8.810662
0;125302;1.5610195;5.9663506;8.6574335
0;125353;1.2641385;6.7324953;8.599973
0;125403;0.90979666;8.561666;8.283937
0;125453;1.7238252;7.536947;10.132261
0;125504;0.5746084;1.9632454;7.144298
0;125554;-0.47884035;2.2122424;6.885724
0;125604;0.12449849;5.3725886;7.6135616
0;125654;0.9768343;5.8322754;7.728483
0;125703;1.3215994;6.933608;8.1881695
0;125754;0.4405331;6.8282633;8.829816
0;125804;0.5363012;5.861006;8.973468
0;125854;1.3215994;6.5696893;9.576807
0;125904;1.1779473;6.2728086;9.069236
0;125954;0.7757214;6.83784;9.519346
0;126004;0.62249243;6.5026517;8.571242
0;126054;0.7469909;8.868123;7.7667904
0;126104;1.8962077;12.641385;0.45010993
0;126154;-0.12449849;0.7469909;13.742718
0;126204;0.34476504;2.96881;9.969456
0;126254;-0.39264908;2.930503;9.423578
0;126304;2.030283;5.094861;9.404425
0;126354;1.7429788;3.8498764;9.356541
0;126404;0.6512229;3.7349546;9.481039
0;126454;1.9153614;4.0318356;9.356541
0;126504;1.1971009;3.620033;9.375694
0;126554;0.9672575;3.7445314;9.375694
0;126604;1.0821792;3.763685;9.299079
0;126654;1.2641385;3.821146;9.260772
0;126704;1.13964;3.7349546;9.308656
0;126754;0.92895025;3.821146;9.32781
0;126804;0.91937345;3.8019924;9.356541
0;126854;1.0151415;3.9073372;9.346964
0;126904;1.8004397;3.7253778;9.615114
0;126954;1.4173675;3.86903;9.500193
0;127025;1.1971009;4.3382936;9.461885
0;127054;1.3790601;4.185065;9.14585
0;127100;1.2449849;4.55856;9.021352
0;127151;1.1971009;4.663905;9.471462
0;127200;1.4652514;4.453215;9.299079
0;127256;1.7142484;6.1004257;8.676587
0;127304;0.5267244;6.8282633;9.184157
0;127354;0.46926352;9.394848;7.8050976
0;127404;2.4229321;7.4507556;9.739613
0;127454;1.2737153;2.3175871;8.580819
0;127504;-1.1109096;3.4763808;7.8050976
0;127555;-0.9768343;4.4915223;7.6135616
0;127604;1.3215994;5.3342814;7.249643
0;127654;1.2258313;6.5505357;8.734048
0;127704;0.641646;6.789956;8.896853
0;127754;0.545878;6.7708025;9.548077
0;127804;1.043872;6.579266;9.375694
0;127854;1.388637;5.8226986;9.14585
0;127904;1.043872;6.1387334;9.088389
0;127954;0.8714894;4.7500963;7.517793
0;128004;-0.08619126;11.377247;9.289502
0;128054;1.1013328;9.346964;2.3463178
0;128104;0.6895301;-0.5363012;11.329363
0;128154;-0.047884032;5.8801594;11.070788
0;128204;2.0398598;3.4763808;9.471462
0;128256;0.4213795;3.3135753;9.394848
0;128304;1.532289;4.31914;9.471462
0;128354;1.1683705;3.7828386;9.634268
0;128404;1.8291701;4.261679;9.308656
0;128454;0.8714894;3.5051112;9.519346
0;128504;0.7565677;3.6008794;9.299079
0;128554;0.9768343;3.821146;9.270349
0;128604;1.2066777;3.763685;9.289502
0;128654;1.3503298;3.6583402;9.394848
0;128704;1.2737153;3.7541082;9.385271
0;128754;1.043872;3.6774938;9.509769
0;128804;1.8962077;3.8786068;9.471462
0;128854;1.3215994;4.1180267;9.471462
0;128904;1.292869;4.3861775;9.299079
0;128954;1.1587936;4.5202527;9.059659
0;129004;1.4460979;4.6160207;8.954314
0;129054;1.4556746;4.807557;9.682152
0;129102;1.3790601;4.2999864;9.672575
0;129154;1.8004397;6.0716953;8.456321
0;129204;1.7621324;6.789956;7.9391727
0;129254;1.3790601;7.0006456;8.111555
0;129304;0.1436521;8.293514;7.067683
0;129354;2.0015526;6.483498;10.304645
0;129404;0.80445176;2.432509;6.8761473
0;129454;-0.047884032;5.707777;7.9966335
0;129504;0.5554548;4.9320555;7.067683
0;129554;1.2354081;7.345411;8.513782
0;129604;0.9864111;6.991069;8.418014
0;129654;0.7757214;5.861006;8.619126
0;129704;1.340753;6.3781533;9.768343
0;129754;2.183512;5.3438582;9.452309
0;129804;1.0534488;7.0964136;9.548077
0;129854;1.0726024;5.7269306;8.111555
0;129904;0.93852705;7.7093296;8.465898
0;129954;-0.16280572;8.379706;7.929596
0;130004;0.89064306;11.923124;1.8195933
0;130054;0.8619126;1.3503298;13.589489
0;130104;0.48841715;3.3423057;9.816227
0;130154;0.17238252;3.2082303;9.595961
0;130204;2.078167;4.0318356;9.586384
0;130254;1.0726024;3.7828386;9.519346
0;130304;0.7469909;3.8019924;9.643845
0;130354;1.2258313;3.8019924;9.404425
0;130404;0.7374141;3.7253778;9.461885
0;130454;1.8004397;4.0414124;9.126697
0;130504;1.5610195;3.7349546;9.299079
0;130554;1.3982137;3.5625722;9.423578
0;130604;1.292869;3.8019924;9.346964
0;130654;1.340753;3.6008794;9.375694
0;130704;1.3599066;3.6583402;9.452309
0;130754;1.9153614;3.7541082;9.471462
0;130804;1.5514427;3.8019924;9.5385
0;130853;1.436521;4.223372;9.509769
0;130902;1.5705963;4.098873;9.337387
0;130952;1.4556746;4.4819455;9.078813
0;131004;1.340753;4.606444;9.193734
0;131054;1.388637;4.7979803;9.308656
0;131104;1.8195933;5.506664;8.762778
0;131154;1.3503298;6.397307;8.475474
0;131204;1.3599066;7.0964136;7.6614456
0;131254;0.38307226;9.835381;7.4986396
0;131304;1.6950948;7.699753;8.255207
0;131354;0.89064306;2.777274;7.2209125
0;131404;-0.49799395;4.1276035;8.025364
0;131454;-0.08619126;5.1523223;7.536947
0;131504;0.92895025;5.094861;7.479486
0;131554;1.2258313;5.9567738;7.5561004
0;131620;1.0151415;6.0621185;8.063671
0;131654;0.78529817;6.2728086;9.078813
0;131704;1.6376339;6.3206925;9.528923
0;131754;1.7908629;7.249643;10.103531
0;131804;1.5035586;6.0716953;8.111555
0;131854;0.6703765;6.1387334;8.015787
0;131904;0.08619126;8.39886;8.686164
0;131954;0.89064306;13.551182;0.7661445
0;132004;-0.047884032;5.6407394;11.530476
0;132060;-0.095768064;3.2082303;10.314221
0;132104;0.076614454;2.7485435;9.299079
0;132154;2.183512;4.7309427;9.356541
0;132204;2.1452048;4.050989;9.452309
0;132254;0.9672575;3.8307228;9.481039
0;132305;1.4269443;3.9456444;9.32781
0;132354;1.3694834;3.8977604;9.232041
0;132404;1.0726024;3.7828386;9.251195
0;132454;2.1452048;3.6391866;9.251195
0;132504;1.2641385;3.7062242;9.289502
0;132554;1.1971009;3.7349546;9.337387
0;132604;1.1013328;3.5625722;9.452309
0;132654;1.283292;3.6966474;9.414001
0;132704;1.5131354;3.7062242;9.356541
0;132754;1.5610195;3.7828386;9.615114
0;132804;1.685518;3.86903;9.375694
0;132854;1.3120226;4.2521024;9.279925
0;132906;1.5131354;4.050989;9.289502
0;132952;1.5897499;4.6160207;9.097966
0;133004;1.3982137;4.6351743;9.222465
0;133054;1.436521;4.596867;9.232041
0;133104;1.541866;5.5258174;8.628703
0;133154;1.1013328;6.4164605;8.954314
0;133204;0.9576807;7.0581064;7.929596
0;133254;-0.4213795;8.494628;7.3645644
0;133304;0.9672575;7.5465236;8.350976
0;133354;0.9672575;2.834735;7.422025
0;133415;-0.24899697;3.6391866;7.881712
0;133457;-0.24899697;5.00867;7.680599
0;133502;0.641646;4.55856;7.422025
0;133554;1.0342951;6.694188;8.465898
0;133604;0.545878;6.933608;8.925584
0;133654;0.6991069;7.019799;9.452309
0;133704;1.8770541;6.3302693;9.14585
0;133754;1.6759412;7.1826053;9.356541
0;133804;1.0821792;7.8625584;8.293514
0;133854;0.7182605;8.494628;7.28795
0;133904;0.48841715;9.902418;6.196194
0;133954;-1.1587936;2.1164744;12.287044
0;134004;3.0071173;9.011775;12.698846
0;134054;0.4309563;4.1180267;9.586384
0;134104;2.087744;4.2521024;9.356541
0;134154;1.5705963;4.0414124;9.251195
0;134204;1.0247183;3.4955344;9.528923
0;134254;1.340753;3.964798;9.337387
0;134304;1.2354081;3.821146;9.337387
0;134354;1.283292;3.6296098;9.423578
0;134404;1.0821792;3.7445314;9.3182335
0;134454;0.9768343;3.7828386;9.260772
0;134504;1.1013328;3.7445314;9.270349
0;134554;1.3982137;3.7541082;9.356541
0;134604;1.0342951;3.9456444;9.260772
0;134654;1.2258313;3.821146;9.414001
0;134704;1.3599066;3.5817258;9.481039
0;134754;1.3982137;4.050989;9.32781
0;134804;0.9959879;4.2999864;9.299079
0;134854;1.1875241;4.31914;9.3182335
0;134904;1.1683705;4.606444;9.069236
0;134954;1.2737153;4.596867;9.040505
0;135004;1.1492168;4.548983;9.835381
0;135054;1.7142484;5.353435;9.32781
0;135104;1.1875241;6.301539;9.126697
0;135154;1.1875241;8.00621;7.824251
0;135204;0.12449849;10.869676;8.264784
0;135254;4.1180267;3.7924154;9.126697
0;135304;1.2258313;1.6280571;6.799533
0;135354;-1.4652514;3.8498764;6.8091097
0;135404;0.05746084;6.042965;7.699753
0;135454;1.0534488;7.2209125;8.063671
0;135502;1.5514427;7.1347213;8.312668
0;135552;0.89064306;6.703765;8.839393
0;135604;1.5131354;5.449203;8.983045
0;135654;2.3175871;5.7843914;9.557653
0;135704;2.0111294;5.449203;9.040505
0;135754;1.5897499;6.215348;9.557653
0;135804;1.1300632;6.4260373;8.983045
0;135854;0.9576807;8.743625;6.991069
0;135904;1.3599066;12.287044;3.1603463
0;135954;0.095768064;1.8579005;10.821792
0;136004;0.8523358;2.4708161;9.921572
0;136054;1.1492168;3.667917;9.404425
0;136104;1.9153614;4.271256;9.3661175
0;136154;1.1971009;3.86903;9.337387
0;136204;1.388637;3.8786068;9.452309
0;136254;1.6950948;3.821146;9.461885
0;136304;1.340753;3.7062242;9.404425
0;136354;1.3694834;3.8115692;9.241618
0;136404;1.2737153;3.7253778;9.299079
0;136454;1.0247183;3.8977604;9.260772
0;136504;1.2354081;3.6870706;9.3661175
0;136554;1.2545617;3.8019924;9.356541
0;136604;0.9864111;3.7349546;9.414001
0;136654;1.3790601;3.6966474;9.394848
0;136704;1.6759412;3.8402996;9.509769
0;136754;1.5227122;3.7732618;9.557653
0;136804;1.2641385;4.280833;9.289502
0;136854;1.2258313;4.31914;9.203311
0;136904;1.5035586;4.596867;9.050082
0;136954;1.2545617;4.6830587;9.56723
0;137004;1.5227122;4.4819455;9.299079
0;137054;1.8866309;5.841852;8.887277
0;137104;0.8523358;6.5026517;8.523358
0;137154;0.60333884;7.393295;6.5601125
0;137204;1.0151415;8.714894;6.0716953
0;137254;-0.30645782;6.9719152;5.4204726
0;137304;1.4077905;3.4380736;7.0964136
0;137354;0.50757074;4.5394063;7.345411
0;137404;0.21068975;4.2521024;6.83784
0;137454;0.7278373;4.405331;7.2209125
0;137504;1.5035586;5.535394;8.169016
0;137554;1.1971009;6.0046577;9.308656
0;137604;0.9576807;6.2249246;9.77792
0;137654;1.5035586;6.6367273;10.0269165
0;137704;1.4652514;6.0142345;9.3661175
0;137754;0.89064306;6.445191;9.80665
0;137804;1.0630256;7.6135616;10.189722
0;137854;1.4652514;5.554548;7.345411
0;137904;1.2545617;9.3182335;6.445191
0;137954;1.5897499;10.25676;1.4077905
0;138004;0.18195933;3.2369606;11.195287
0;138054;1.3982137;4.903325;11.109096
0;138104;-0.11492168;3.0454245;9.481039
0;138154;0.7278373;3.667917;9.672575
0;138204;1.7238252;4.3287168;9.461885
0;138254;2.7102363;3.8977604;9.394848
0;138304;1.5705963;3.964798;9.308656
0;138354;1.0534488;3.5817258;9.385271
0;138404;1.3503298;3.8498764;9.356541
0;138454;0.7086837;3.6583402;9.32781
0;138519;2.2218192;3.5434184;9.385271
0;138552;1.8866309;3.667917;9.337387
0;138602;0.9768343;3.7541082;9.394848
0;138654;1.3024458;3.821146;9.423578
0;138704;1.9536686;3.6008794;9.509769
0;138754;1.8579005;3.964798;9.452309
0;138804;1.7429788;4.1371803;9.193734
0;138854;1.3503298;4.462792;8.992621
0;138904;1.4077905;4.4244847;8.954314
0;138954;1.733402;4.7309427;8.916007
0;139004;1.8866309;4.76925;8.772355
0;139054;1.436521;5.0374002;9.136273
0;139104;0.82360536;5.7365074;8.848969
0;139154;1.5705963;6.129156;8.360553
0;139204;2.327164;6.5984197;7.153875
0;139254;1.7525556;7.699753;7.1347213
0;139304;0.61291564;10.563218;7.0102224
0;139354;0.5554548;8.916007;5.995081
0;139404;1.532289;6.703765;9.911995
0;139454;-0.22026655;4.2904096;7.7189064
0;139504;-0.58418524;5.6790466;7.7667904
0;139554;0.7086837;4.8745947;6.703765
0;139604;1.292869;7.153875;7.9966335
0;139654;2.384625;7.086837;7.97748
0;139704;1.3694834;7.920019;8.571242
0;139754;1.4748282;6.895301;8.331821
0;139803;1.8962077;7.374141;9.030929
0;139854;1.8579005;6.0142345;8.264784
0;139904;1.1779473;7.086837;8.446744
0;139954;0.842759;8.101978;8.66701
0;140004;0.4405331;10.630256;4.31914
0;140054;1.292869;5.056554;14.077906
0;140104;-0.47884035;3.715801;10.228029
0;140154;-0.1340753;3.2465374;9.739613
0;140204;1.8100165;4.2999864;9.308656
0;140254;1.9632454;4.0797195;9.461885
0;140304;1.5610195;3.6391866;9.3661175
0;140354;0.9864111;3.6774938;9.5385
0;140404;1.532289;3.8881836;9.356541
0;140454;1.2545617;3.6774938;9.414001
0;140504;0.89064306;3.7541082;9.241618
0;140554;1.091756;3.6774938;9.3661175
0;140602;1.0151415;3.8881836;9.289502
0;140653;0.90979666;3.8115692;9.308656
0;140704;0.6895301;3.763685;9.308656
0;140754;1.2545617;3.7541082;9.279925
0;140804;0.9768343;3.763685;9.481039
0;140854;1.7812861;3.8115692;9.481039
0;140904;1.6567876;3.8019924;9.423578
0;140954;1.3790601;4.185065;9.356541
0;141004;1.3503298;4.271256;9.203311
0;141055;1.4939818;4.3287168;9.050082
0;141103;1.3982137;4.453215;9.184157
0;141152;1.3215994;4.280833;9.634268
0;141202;1.7812861;4.462792;9.241618
0;141254;1.0055647;5.410896;9.509769
0;141304;0.019153614;6.5026517;9.232041
0;141354;-0.49799395;9.682152;8.350976
0;141404;-0.076614454;5.9280434;7.431602
0;141454;1.541866;1.2354081;7.728483
0;141504;0.40222588;2.9783869;8.283937
0;141554;0.2777274;4.060566;7.3166804
0;141615;1.8004397;5.66947;8.465898
0;141654;1.8100165;7.144298;9.404425
0;141704;1.484405;6.5601125;9.423578
0;141754;1.532289;7.1155677;10.43872
0;141804;1.7238252;5.353435;9.442732
0;141853;1.8866309;5.267244;9.481039
0;141904;1.5993267;6.301539;8.858546
0;141954;1.4077905;5.7843914;8.418014
0;142004;1.4556746;4.8362875;7.7093296
0;142054;1.6663644;4.903325;8.034941
0;142104;1.2162545;5.3342814;7.651869
0;142155;2.1739352;6.349423;7.335834
0;142204;0.7182605;-6.445191;7.8146744
0;142254;-0.10534488;5.1906295;10.582372
0;142304;-1.9919758;4.7788267;11.425131
0;142353;-0.095768064;3.3039982;9.844957
0;142404;2.384625;3.4955344;9.730036
0;142454;1.292869;3.074155;9.519346
0;142504;0.22026655;3.0262709;9.624691
0;142554;0.8331822;3.3997664;9.548077
0;142604;1.0247183;3.3997664;9.662998
0;142654;1.1875241;3.7349546;9.586384
0;142704;0.6703765;3.4955344;9.433155
0;142754;0.63206923;3.217807;9.423578
0;142804;1.2258313;3.3997664;9.461885
0;142854;1.3024458;3.667917;9.423578
0;142904;0.9768343;3.763685;9.270349
0;142954;1.0055647;3.7828386;9.289502
0;143004;1.4939818;3.7732618;9.394848
0;143054;1.0247183;3.5051112;9.423578
0;143104;1.6567876;3.8594532;9.299079
0;143163;1.0151415;3.6870706;9.337387
0;143202;1.1971009;3.8786068;9.356541
0;143268;1.2258313;3.7062242;9.385271
0;143304;1.3215994;3.7732618;9.481039
0;143350;1.1875241;3.9360676;9.586384
0;143401;1.340753;4.0797195;9.414001
0;143450;1.3120226;3.9839516;9.615114
0;143505;1.4748282;4.4915223;9.011775
