0;24958;-3.3051953;9.279925;-1.0809821
0;25019;-3.3722332;9.196129;-1.0319009
0;25081;-3.441665;9.257181;-1.0163386
0;25141;-3.4691982;9.211691;-1.0067618
0;25203;-3.514688;9.194932;-1.0498575
0;25264;-3.513491;9.205706;-1.021127
0;25324;-3.4644098;9.232041;-1.0366893
0;25384;-3.526659;9.197326;-1.0857705
0;25445;-3.4943373;9.241618;-1.0342951
0;25502;-3.58412;9.155427;-1.0654198
0;25564;-3.5889084;9.099164;-1.0893618
0;25625;-3.5434184;9.072827;-1.0235212
0;25689;-3.6631286;8.956709;-1.1348516
0;25751;-3.870227;8.670602;-0.6404489
0;25813;-4.7297454;10.038888;-2.0362685
0;25874;-3.1555579;9.82341;-0.9504981
0;25936;-4.4843397;9.257181;-1.7884687
0;25998;-4.0821137;9.217676;-1.5705963
0;26058;-1.9644425;8.985439;-0.40821138
0;26118;-1.340753;9.671378;-0.4345476
0;26176;-0.39983168;11.973403;0.17357962
0;26239;1.3862427;10.948685;0.7649474
0;26300;-3.9971197;8.688558;-1.6136919
0;26361;-1.0714053;7.836222;-0.50757074
0;26421;-0.4417302;7.7727757;1.270124
0;26482;2.755726;9.682152;0.70509243
0;26544;2.6599581;10.46745;0.5626374
0;26605;-0.2657564;8.939949;1.3850456
0;26663;-1.3970166;8.558074;0.736217
0;26725;0.18914193;11.886014;0.29448682
0;26789;3.0107086;9.297882;1.0845734
0;26847;-3.7553053;9.490616;-0.91219085
0;26910;-0.25977087;9.685743;0.03232172
0;26965;-2.6431987;9.509769;-2.814384
0;27029;-2.360683;8.935161;-2.2613235
0;27090;-1.4999673;9.568427;-0.8367735
0;27151;-1.5155296;9.668983;-2.2541409
0;27212;-1.3634979;9.713276;-1.8064252
0;27274;-2.2972364;9.202114;-1.8447324
0;27336;-2.1547816;9.607931;-1.9500773
0;27397;-1.8950106;9.4774475;-1.3491327
0;27459;-1.7226281;9.151836;-1.7142484
0;27520;-3.5218706;8.907627;-2.5342624
0;27578;-2.6084828;9.340978;-1.4616601
0;27640;-4.5154643;10.790668;-2.610877
0;27697;-2.8502972;9.648633;-0.6548142
0;27761;-3.4380736;8.593987;0.33997664
0;27820;-4.8722005;8.337808;-0.7386112
0;27881;-4.8147397;8.954314;-0.4141969
0;27937;-4.7907977;8.92319;-0.4333505
0;27999;-3.7469256;8.589199;0.39264908
0;28000;-3.7469256;8.589199;0.39264908
0;28001;-3.7469256;8.589199;0.39264908
0;28025;-3.3063924;8.856153;0.22146365
0;28045;-3.2704794;9.317036;-0.36511576
0;28070;-3.345897;9.628283;-0.25498247
0;28091;-2.813187;9.515755;-0.29927522
0;28113;-2.1751323;9.616311;-0.521936
0;28135;-2.0147207;9.78989;-0.79846627
0;28155;-1.5358804;9.849746;-0.6955156
0;28175;-1.2174516;10.201694;-0.58897364
0;28200;-1.4437037;10.608707;0.34715924
0;28220;-1.0402806;10.709264;0.12449849
0;28241;-0.7673417;10.437522;-0.33039984
0;28265;-0.90979666;10.717644;-0.51475334
0;28284;-1.1875241;11.089942;-1.3144168
0;28305;-1.8435353;11.981782;-1.2270284
0;28327;-1.2749124;12.194866;-1.246182
0;28348;-1.198298;11.911154;-0.6943185
0;28368;-0.94570965;11.438298;-0.40701428
0;28390;-1.0905589;11.170148;-0.04070143
0;28410;-2.9472623;12.060791;0.47165772
0;28432;-2.27928;9.983821;1.4161704
0;28454;0.81642276;8.949526;0.91099375
0;28475;0.16639702;9.16261;0.92895025
0;28495;-0.6548142;8.639477;0.37229836
0;28519;-1.0378864;7.9906483;0.14604631
0;28538;-0.91937345;7.7308774;0.39983168
0;28559;-0.41060558;7.6135616;0.39264908
0;28581;1.0235212;7.1586633;1.2641385
0;28601;1.4053963;6.411672;1.9189527
0;28621;1.7166426;6.1902084;1.6065093
0;28644;1.7357962;7.715315;0.7146692
0;28665;3.321955;9.173384;-0.022744916
0;28686;4.4999022;10.7751045;-0.2765303
0;28709;4.1012673;9.326612;0.21787235
0;28729;3.2513258;9.057265;0.16280572
0;28749;3.028665;9.509769;-0.2837129
0;28771;2.9376855;9.676167;-0.52073884
0;28790;0.521936;10.619482;0.80205756
0;28813;-0.92895025;12.679692;2.1691468
0;28834;1.5382746;12.540829;2.2146366
0;28854;3.1747115;10.327389;1.3515269
0;28876;1.7118542;8.930372;0.5494693
0;28898;0.80684596;9.424775;-0.48961425
0;28918;-0.3866636;9.628283;-1.4975731
0;28940;-0.40102878;9.673772;-2.0566192
0;28961;-0.08619126;9.920375;-1.2066777
0;28981;0.007182605;9.922769;-0.48362875
0;29005;0.025139118;9.870096;-0.06943185
0;29026;-0.35793316;9.664195;-0.2789245
0;29046;-0.49679685;9.864111;-0.61411273
0;29069;-0.2621651;9.8677025;-0.80684596
0;29090;-0.40462008;9.435549;-0.91458505
0;29111;-0.8595184;9.397242;-0.9804256
0;29131;-1.2066777;9.689334;-1.0079589
0;29153;-1.6244658;9.946711;-1.436521
0;29173;-1.4449008;10.168175;-1.6867151
0;29195;-1.3239936;9.980229;-2.0530279
0;29216;-1.508347;9.466674;-1.9835961
0;29237;-1.5993267;9.470264;-1.1504139
0;29257;-1.2880806;9.78989;-0.7529764
0;29281;-1.5861586;9.406818;-1.091756
0;29301;-1.8830396;9.64145;-1.1252748
0;29324;-1.8579005;10.012551;-1.5071499
0;29345;-2.2361844;9.568427;-2.0231004
0;29365;-2.4839842;9.23683;-2.268506
0;29385;-2.7461493;8.602366;-1.8124107
0;29409;-1.875857;9.509769;-0.7026982
0;29429;-1.7010803;9.657013;-1.4053963
0;29450;-1.7513585;9.491813;-1.9524715
0;29473;-2.2110453;9.3182335;-2.337938
0;29494;-2.0721815;9.345766;-2.873042
0;29515;-1.8303672;9.368511;-2.6420016
0;29537;-2.1392193;9.482236;-2.2038627
0;29557;-2.291251;9.736021;-1.7836803
0;29579;-1.5837644;9.90601;-1.6831238
0;29599;-1.508347;9.750386;-1.6783354
0;29621;-1.8722657;9.226056;-1.9620483
0;29643;-2.5258827;9.002198;-2.7162218
0;29665;-2.7006595;9.248801;-2.813187
0;29685;-2.6635494;9.185355;-2.3989902
0;29707;-2.3307555;9.090784;-1.9572599
0;29729;-2.2541409;9.296685;-1.8722657
0;29748;-2.5103204;9.308656;-1.7657237
0;29770;-2.598906;9.196129;-1.5682021
0;29791;-2.5270798;9.281123;-1.5263035
0;29811;-2.2254105;9.272743;-1.5705963
0;29833;-2.100912;9.405622;-1.733402
0;29855;-2.1811178;9.317036;-1.8363527
0;29875;-2.4133554;8.289924;-2.087744
0;29896;-2.8299465;8.544906;-1.9620483
0;29919;-3.1280246;9.087193;-2.1045034
0;29938;-2.9819782;9.5385;-2.315193
0;29958;-2.4983494;9.449914;-1.9165585
0;29982;-2.3116016;9.114726;-2.719813
0;30001;-2.930503;9.147048;-3.4452562
0;30023;-3.4356794;9.834184;-3.7062242
0;30045;-4.1359835;10.105926;-2.1260512
0;30065;-3.5805287;9.956287;-0.7613561
0;30087;-3.843891;9.768343;0.51834464
0;30109;-4.3526587;9.803059;1.0187328
0;30130;-4.6579194;9.591172;-0.15083471
0;30151;-4.8506527;9.149442;-1.7537527
0;30173;-4.6124296;8.668207;-2.4552538
0;30193;-4.7441106;8.558074;-2.2780828
0;30214;-4.8219223;8.598776;-1.9895816
0;30238;-4.8482585;8.814254;-1.5741876
0;30257;-4.650737;8.665813;-1.2916719
0;30279;-4.667496;9.010578;-1.1204864
0;30301;-4.727351;8.899248;-0.5422867
0;30321;-4.8003745;8.598776;-0.2765303
0;30343;-4.783615;8.531737;-0.2873042
0;30364;-4.859032;8.396465;-0.22026655
0;30385;-5.0014873;8.153454;-0.59136784
0;30405;-5.222951;8.10557;-1.1755531
0;30426;-5.351041;8.1343;-1.3563153
0;30447;-5.057751;8.237251;-1.1133038
0;30469;-4.8015714;8.395268;-0.49679685
0;30490;-4.4113164;8.425196;-0.11372458
0;30510;-4.143166;8.079233;0.05746084
0;30533;-4.0378213;8.499416;0.05626374
0;30555;-4.0521865;8.998607;-0.016759412
0;30574;-4.1024647;9.440337;-0.045489833
0;30596;-4.0043025;10.0029745;-0.027533319
0;30619;-3.2620997;9.933543;-0.029927522
0;30638;-2.5210943;9.740809;-0.29927522
0;30659;-2.2864625;9.759963;-0.5434838
0;30682;-2.0326772;10.493786;0.25857377
0;30703;-3.110068;10.955867;0.31124622
0;30725;-3.5075054;10.612299;0.22864626
0;30746;-2.815581;11.238382;0.7517793
0;30766;-2.6970682;11.540052;0.45250413
0;30788;-2.7605145;10.702082;-0.45609543
0;30810;-2.8119898;10.201694;-0.4357447
0;30830;-3.1759086;10.540473;0.36631286
0;30851;-3.0466216;9.627085;0.7086837
0;30873;-1.3826514;9.965864;0.91817635
0;30894;-0.7194576;9.921572;0.46806642
0;30914;-1.496376;9.753978;0.18794483
0;30937;-1.3670892;9.188946;0.7026982
0;30957;-0.12210429;8.974665;1.0103531
0;30978;0.8774749;9.123106;1.009156
0;31000;1.4030021;9.178172;1.2258313
0;31021;1.5227122;9.227253;1.3862427
0;31041;1.5167267;9.247604;0.7613561
0;31064;1.6448165;8.735245;0.39025488
0;31084;1.6819267;8.14268;0.45609543
0;31106;1.411382;8.14268;0.62608373
0;31129;1.2880806;8.822633;0.5446809
0;31148;2.135628;8.998607;0.40701428
0;31169;2.3798366;8.870518;0.108936176
0;31190;2.8203697;8.480263;0.017956512
0;31211;2.504335;8.100781;0.24420857
0;31232;1.283292;8.324639;0.6655881
0;31254;0.36391866;8.519767;1.3431472
0;31274;0.92775315;9.241618;1.2186487
0;31295;2.292448;9.613917;0.51355624
0;31318;2.6503813;9.909601;0.19871874
0;31338;2.469619;9.967062;0.22864626
0;31359;1.7561469;9.836577;0.10654198
0;31381;1.4879963;9.400833;0.17597382
0;31463;1.5765818;13.050794;1.3335704
0;31521;1.0307038;9.295488;-0.093373865
0;31585;0.62129533;9.885659;-0.82599956
0;31645;-1.4676456;10.119094;-0.78170687
0;31705;-1.6352397;8.9842415;0.59136784
0;31767;-2.078167;9.746795;-1.3251907
0;31827;-1.3587095;9.507375;-1.2737153
0;31887;-1.460463;9.830592;-1.3599066
0;31948;-1.9021933;9.744401;-1.650802
0;32008;-1.7405846;9.576807;-1.1228806
0;32069;-1.958457;9.489418;-1.5107412
0;32130;-1.5598224;9.534908;-1.2054806
0;32190;-2.468422;9.32781;-2.136825
0;32254;-2.4899697;9.628283;-2.2014685
0;32315;-2.8095956;9.43076;-2.815581
0;32376;-2.4289176;9.503783;-1.3084313
0;32436;-2.4181437;9.13388;-3.0825348
0;32497;-2.1703439;9.488221;-2.2098482
0;32558;-2.2002714;9.197326;-2.1883004
0;32618;-2.552219;9.455899;-1.9536686
0;32677;-2.124854;9.356541;-1.9153614
0;32740;-2.2421699;9.217676;-1.8854338
0;32800;-2.9053638;9.580399;-2.0003555
0;32861;-2.183512;9.121908;-2.2146366
0;32924;-2.6779146;9.703699;-2.7569232
0;32985;-2.7509377;9.352949;-2.6396074
0;33046;-3.6343982;9.625888;-1.4437037
0;33121;-3.78643;9.021352;-1.685518
0;33183;-3.78643;9.063251;-1.7908629
0;33243;-3.7948096;8.711303;-2.2098482
0;33304;-4.6255975;9.056067;-1.3587095
0;33364;-4.6483426;8.5473;-0.6332663
0;33425;-5.175067;8.7771435;-0.866701
0;33488;-4.495114;8.27077;-1.2330139
0;33549;-4.8781857;8.189367;-0.29328972
0;33607;-4.381389;8.865729;-0.29568392
0;33669;-4.2544966;9.093178;-0.24779987
0;33729;-3.9145198;9.172187;-0.7146692
0;33791;-3.2872388;9.285912;-0.015562311
0;33850;-2.8646624;10.645818;0.48722005
0;33912;-2.4744074;10.915166;-0.25617957
0;33973;-3.1507695;11.112687;0.33279404
0;34035;-1.4616601;10.175357;-0.7350199
0;34095;-0.8822633;9.654618;-0.04070143
0;34157;0.2801216;9.235633;0.6811504
0;34217;1.1408371;8.972271;0.5805939
0;34280;1.6986861;8.415619;0.91817635
0;34340;1.3994108;7.702147;0.6368576
0;34400;1.6220716;9.185355;-0.037110128
0;34460;3.514688;9.475053;0.5805939
0;34521;2.4349031;9.374496;0.45250413
0;34581;1.9093759;9.0429;0.4345476
0;34643;0.9959879;9.391256;0.49679685
0;34702;3.7457285;11.316195;0.94810385
0;34764;1.3180081;10.295067;0.7302315
0;34825;0.23104046;9.545682;-0.7062895
0;34886;0.36870706;9.811439;0.1448492
0;34947;0.32800564;9.618706;-0.02633622
0;35008;-0.8415619;9.336189;-0.047884032
0;35070;-0.6955156;9.7479925;-1.5239093
0;35131;-0.748188;9.588778;-0.7745243
0;35191;-1.353921;9.885659;-1.0690111
0;35254;-1.7082629;9.455899;-1.6555905
0;35314;-1.8794483;9.556456;-1.3611037
0;35375;-1.5442601;9.534908;-1.9500773
0;35434;-2.5222914;9.369708;-1.8423382
0;35495;-2.5246856;9.141062;-2.5139117
0;35556;-2.6515784;8.965088;-3.3267434
0;35616;-1.412579;9.996989;-0.22385786
0;35675;-2.4911668;9.593566;-2.8754363
0;35739;-2.4516625;9.363723;-1.6280571
0;35800;-2.315193;9.132683;-2.12246
0;35861;-2.31639;9.489418;-1.875857
0;35923;-2.372654;9.259575;-2.0386627
0;35985;-2.2756886;9.440337;-2.1631613
0;36045;-2.4229321;9.490616;-1.5586253
0;36106;-3.1172507;9.323022;-2.6683378
0;36167;-2.5187001;8.926781;-2.4768016
0;36226;-2.8622682;10.134656;-0.7433996
0;36287;-3.5793316;9.3182335;-3.4763808
0;36347;-3.7373488;9.696517;-2.0709844
0;36408;-4.173094;9.49301;-0.6631939
0;36470;-3.7912183;8.544906;-2.552219
0;36530;-3.7912183;7.550115;-2.6839
0;36591;-4.5286326;8.7125;-0.973243
0;36651;-4.9799395;8.605958;-2.244564
0;36710;-4.9320555;8.452729;-0.7673417
0;36773;-5.649119;8.529344;-1.2318168
0;36834;-5.6682725;8.075643;-0.6380547
0;36895;-5.433641;8.2169;-0.94930094
0;36954;-5.0876784;8.036138;-0.62847793
0;37015;-4.5920787;8.91481;-0.19991584
0;37077;-3.9636009;9.379285;-0.1328782
0;37136;-3.715801;9.518148;0.31364042
0;37196;-3.9695864;9.9790325;-0.09935937
0;37258;-2.657564;9.81503;0.5422867
0;37321;-2.9352913;10.572795;1.0582372
0;37380;-2.1392193;10.289082;-0.4237737
0;37440;-2.3175871;10.382456;-0.6607997
0;37501;-1.1121067;9.508572;0.10414778
0;37562;-0.5650316;9.871294;0.32680854
0;37618;1.079785;8.893262;1.4377182
0;37677;1.3670892;8.11395;1.4401124
0;37738;1.6651673;8.656237;0.30166942
0;37801;1.8590976;8.834604;-0.2813187
0;37865;3.2142158;9.276335;-0.089782566
0;37926;2.1320367;9.370906;0.60812724
0;37988;2.0769699;9.187749;0.45609543
0;38050;0.32920274;9.618706;-0.20829555
0;38112;3.0202854;11.190498;0.48362875
0;38174;1.3455414;10.480618;0.61650693
0;38234;-0.3890578;9.652225;-0.7685388
0;38295;0.7026982;9.753978;-0.19871874
0;38356;0.62728083;9.722853;-0.17118542
0;38415;-0.7637503;9.849746;-1.0881647
0;38475;-0.62249243;9.752781;-0.005985504
0;38537;-0.37948096;9.822212;-0.5805939
0;38598;-0.61052144;9.812635;-0.81761986
0;38657;-1.0199299;9.647436;-1.5933412
0;38717;-1.2880806;9.712079;-0.92775315
0;38782;-1.8986019;9.508572;-1.389834
0;38840;-1.8016368;9.582792;-1.5526398
0;38897;-1.934515;9.55047;-1.875857
0;38963;-2.6443958;9.504981;-1.9249382
0;39027;-2.2146366;9.920375;-2.1763294
0;39087;-2.8538885;9.167398;-2.0159178
0;39148;-2.207454;9.710882;-1.8854338
0;39206;-2.208651;9.070433;-2.5103204
0;39269;-2.6431987;9.470264;-2.2876596
0;39329;-2.6420016;8.957906;-2.1068976
0;39389;-2.6886885;9.223662;-2.5905263
0;39451;-2.2469583;9.399636;-2.0709844
0;39514;-2.633622;9.646238;-1.8471266
0;39575;-3.0238767;9.257181;-1.5873557
0;39634;-3.1483753;9.018958;-2.3427265
0;39694;-3.13401;9.589975;-1.5275006
0;39759;-3.6403837;9.016563;-2.6886885
0;39821;-3.7110126;9.115923;-2.8060043
0;39883;-3.716998;9.02614;-1.7741034
0;39945;-4.226963;8.5700445;-2.018312
0;40007;-4.5872903;7.916428;-2.1571758
0;40067;-4.5777135;9.200917;-1.9788077
0;40128;-4.6782703;8.550891;-0.9684546
0;40189;-5.281609;8.316259;-1.412579
0;40249;-5.112818;8.14268;-1.0390835
0;40309;-5.0745106;8.491036;-0.90021986
0;40369;-4.4687777;8.467094;-0.8439561
0;40430;-4.617218;8.637083;-0.5231331
0;40492;-5.067328;8.661025;-0.7194576
0;40553;-3.9791632;8.755595;-0.60693014
0;40615;-3.3614593;9.800665;0.33279404
0;40675;-3.693056;9.925163;-0.08259996
0;40738;-2.791639;10.287885;-0.16879122
0;40800;-2.8491;10.933122;0.22266077
0;40861;-1.7645266;10.231621;-0.4141969
0;40922;-1.2210429;10.070012;-0.46447513
0;40983;-0.46686932;9.222465;0.33518824
0;41044;0.7517793;8.967483;1.2378023
0;41104;1.946486;8.145074;1.1025299
0;41166;1.292869;8.124723;0.4141969
0;41225;1.9057846;8.355764;0.61650693
0;41287;4.048595;9.738416;0.08140286
0;41345;2.208651;9.188946;0.5722142
0;41410;2.0159178;9.314642;-0.008379706
0;41473;2.4648306;9.472659;0.41299978
0;41533;1.412579;12.3876;0.8583213
0;41596;2.1284454;9.81503;1.2868834
0;41657;0.6727707;9.241618;-0.61530983
0;41717;0.56982;9.694122;-0.521936
0;41781;-0.1340753;9.605537;-0.1388637
0;41843;0.48482585;9.52174;0.007182605
0;41903;-0.046686932;10.275913;-1.2210429
0;41965;-0.46567222;9.841366;-1.6184803
0;42025;-0.6751649;9.537302;-0.7098808
0;42086;-1.5334862;9.561244;-1.127669
0;42146;-1.6591818;9.896433;-1.4341269
0;42205;-1.7645266;9.3733;-0.25139117
0;42268;-1.9249382;9.615114;-2.0027497
0;42328;-1.567005;9.762358;-2.0027497
0;42389;-1.6232687;9.382876;-1.3335704
0;42450;-2.3439236;9.428367;-1.9249382
0;42505;-2.2936451;9.362526;-2.4121583
0;42569;-2.871845;9.478644;-2.5474305
0;42634;-2.3092074;9.326612;-1.7944542
0;42693;-2.3295584;9.448717;-2.4791958
0;42755;-2.2122424;9.400833;-2.4145525
0;42816;-1.8986019;9.379285;-1.8507179
0;42877;-2.4289176;9.689334;-2.3834279
0;42938;-1.99437;9.2907;-1.9033904
0;42998;-2.5246856;8.900445;-2.4911668
0;43059;-2.707842;9.534908;-1.9955671
0;43120;-2.586935;9.406818;-2.2457612
0;43179;-2.918532;9.497798;-2.4013844
0;43241;-2.9855695;9.184157;-2.0159178
0;43303;-3.156755;9.127894;-1.9237411
0;43364;-4.483143;8.716091;-2.8514943
0;43426;-3.5206735;9.442732;-1.7405846
0;43487;-4.5633483;8.836999;-2.8083985
0;43548;-4.2640734;8.9124155;-1.4915876
0;43604;-4.390966;8.640674;-0.961272
0;43661;-4.8219223;8.725668;-1.7501614
0;43724;-4.8147397;8.579621;-1.2964603
0;43786;-5.651513;8.177396;-0.94451255
0;43846;-5.3127337;8.1797905;-0.8295909
0;43911;-4.9583917;8.367735;-0.8643068
0;43974;-5.1223946;8.6299;-0.9528923
0;44035;-4.663905;8.414422;-0.22266077
0;44097;-5.3474493;8.605958;-0.8511387
0;44159;-5.481525;8.50181;-0.94211835
0;44219;-3.98874;9.106346;0.22266077
0;44280;-2.621651;9.847352;0.23463176
0;44340;-3.4644098;10.437522;0.5686229
0;44401;-2.8814218;10.475829;-0.045489833
0;44461;-1.6567876;10.633847;-0.39025488
0;44522;-1.4161704;10.286688;-0.9828198
0;44583;-0.7565677;9.229648;0.35194764
0;44644;0.81761986;8.789114;0.8678981
0;44702;1.0067618;8.486248;0.30406362
0;44765;0.7757214;8.206126;1.0702082
0;44827;1.8782512;8.696938;0.8858546
0;44889;2.3594859;9.883265;0.6344634
0;44950;2.6779146;9.436746;-0.34596214
0;45011;2.9400797;9.38168;1.2773066
0;45070;-0.23702596;9.812635;0.7290344
0;45131;3.252523;12.661736;0.2717419
0;45191;1.7645266;10.353725;0.59974754
0;45254;-0.51475334;8.701726;-0.9900024
0;45315;-0.10055647;10.070012;-0.11611878
0;45376;0.272939;9.685743;-0.49919105
0;45437;0.2908955;9.913192;-1.0259154
0;45498;-1.1623849;9.660604;-0.5781997
0;45558;-1.0737995;9.43076;-1.6519991
0;45620;-0.8595184;9.922769;-0.7062895
0;45677;-1.5741876;9.424775;-1.6136919
0;45739;-1.115698;9.878476;-1.4401124
0;45800;-1.1324574;9.68694;-1.2234371
0;45864;-1.4616601;9.488221;-1.6196774
0;45925;-1.5921441;9.431957;-1.258153
0;45985;-1.8375498;9.5253315;-1.7142484
0;46046;-1.9716251;9.284714;-2.2134395
0;46107;-1.8746599;9.594764;-1.7884687
0;46168;-1.7741034;9.544485;-2.5079262
0;46229;-2.6839;9.021352;-2.89459
0;46289;-2.585738;9.56723;-2.110489
0;46350;-2.2098482;9.168595;-1.8974048
0;46412;-1.9009962;9.593566;-2.7365725
0;46473;-2.146402;9.421184;-1.8722657
0;46535;-2.4384944;9.570822;-2.0518308
0;46596;-2.421735;9.465476;-2.2756886
0;46657;-2.1440077;9.114726;-1.9692309
0;46718;-2.669535;9.19972;-2.541445
0;46778;-3.157952;9.044097;-1.8555063
0;46838;-3.2429461;9.269152;-1.5251064
0;46899;-3.0921116;8.433576;-2.5474305
0;46960;-4.2401314;9.203311;-2.4025815
0;47021;-3.867833;8.986636;-2.3894134
0;47082;-3.8271315;8.322245;-2.3355439
0;47143;-4.0414124;8.582016;-0.79367787
0;47205;-4.8638206;7.835025;-2.0015526
0;47266;-4.8937483;8.340201;-0.770933
0;47327;-5.163096;8.443152;-1.3144168
0;47387;-5.2995653;8.046912;-0.5470751
0;47447;-5.649119;8.237251;-1.1073183
0;47507;-5.088876;8.036138;-0.4345476
0;47569;-5.035006;8.611943;-0.58657944
0;47629;-5.5497594;8.249222;-0.8714894
0;47689;-5.0960584;8.469488;-0.24061728
0;47748;-4.8159366;8.799889;-0.58777654
0;47809;-4.6483426;8.819042;-0.4441244
0;47872;-2.6120741;9.680955;-0.038307227
0;47934;-2.8179753;10.103531;0.34117374
0;47996;-3.5553896;11.687296;-0.2717419
0;48058;-1.5981296;10.766725;-0.6476316
0;48119;-1.8447324;10.326192;-0.35194764
0;48181;-1.0534488;9.576807;-0.33399114
0;48244;0.35314476;8.65863;0.93254155
0;48305;1.5215151;8.2037325;1.198298
0;48366;1.5179238;8.046912;1.055843
0;48426;1.7717092;8.500613;0.36870706
0;48487;3.4129345;9.326612;-0.34117374
0;48547;2.5007436;9.40203;1.8351556
0;48608;2.7688942;9.811439;0.1592144
0;48668;1.4437037;8.962694;0.34715924
0;48729;0.010773907;11.245565;0.8702923
0;48789;3.4691982;12.395979;1.163582
0;48853;1.1312603;9.362526;-0.2705448
0;48914;0.19752164;9.610326;-0.3196259
0;48975;-0.21428105;9.799467;-0.6943185
0;49037;0.33877954;9.476251;0.18315643
0;49099;-0.35194764;9.93474;-1.1324574
0;49161;-0.9864111;9.589975;-1.3096284
0;49223;-0.6655881;9.609129;-1.4808137
0;49285;-0.89662856;9.61272;-0.36032736
0;49345;-1.7525556;9.7240505;-2.1057005
0;49406;-1.0809821;9.945514;-1.0007763
0;49467;-1.721431;9.722853;-1.0785879
0;49528;-2.5151088;9.082404;-2.3319526
0;49587;-2.3439236;9.672575;-1.8363527
0;49648;-2.2218192;9.508572;-1.8447324
0;49706;-2.267309;9.582792;-2.3415294
0;49769;-2.967613;8.969876;-3.2992098
0;49830;-2.718616;9.396045;-1.910573
0;49890;-1.3515269;9.488221;-1.8219875
0;49951;-2.6288335;9.51336;-1.875857
0;50014;-2.5019407;9.091981;-1.5873557
0;50075;-2.621651;9.301474;-2.9879637
0;50135;-1.887828;9.662998;-1.5682021
0;50195;-2.3080103;9.305065;-2.6491842
0;50256;-2.336741;9.52174;-1.5131354
0;50317;-2.64679;9.374496;-2.1930888
0;50378;-2.6922798;9.436746;-2.3080103
0;50438;-2.207454;9.446322;-2.0566192
0;50500;-3.2872388;8.756793;-2.4827871
0;50563;-2.815581;9.3733;-2.1811178
0;50623;-3.0585926;8.887277;-2.6551697
0;50682;-3.3506854;9.580399;-2.5510218
0;50745;-3.596091;9.074024;-2.3235726
0;50806;-4.1264067;9.155427;-2.134431
0;50867;-3.6762967;8.6813755;-1.7645266
0;50927;-4.301183;8.831013;-1.6077064
0;50988;-4.2425256;8.74123;-2.1894975
0;51048;-4.250905;8.617929;-1.5622166
0;51110;-5.0781016;8.428787;-1.3551182
0;51170;-4.6363716;8.189367;-0.8511387
0;51230;-4.8123455;8.41921;-1.282095
0;51291;-5.115212;8.598776;-1.1851299
0;51353;-4.935647;8.402451;-0.4333505
0;51415;-4.7740383;8.801085;-0.93254155
0;51477;-4.2700586;9.001001;-0.8391677
0;51539;-2.837129;9.91439;0.089782566
0;51601;-2.4468741;10.155006;0.005985504
0;51663;-3.7840357;11.559206;-0.7326257
0;51725;-1.8064252;10.754754;-0.45010993
0;51786;-1.8674773;10.291476;-0.49559975
0;51847;-0.5746084;9.572019;0.15203181
0;51908;0.48123455;9.048885;0.7338228
0;51969;1.4413095;8.086416;1.2366052
0;52029;0.93254155;7.7440453;1.1348516
0;52088;2.6862943;8.781932;0.5710171
0;52149;2.1080947;9.187749;0.9708488
0;52209;3.0753522;9.022549;-0.019153614
0;52270;2.3906105;9.707291;1.0905589
0;52331;2.0578163;9.467871;0.8834604
0;52393;1.8794483;9.287108;0.16160862
0;52455;1.2318168;10.800244;2.0769699
0;52517;2.134431;10.617087;2.2062569
0;52576;0.90021986;9.417592;-0.6631939
0;52636;0.4165911;9.913192;-0.23582886
0;52696;-0.002394202;9.403227;0.061052144
0;52757;0.008379706;10.2974615;0.055066638
0;52817;-0.046686932;9.2787285;0.059855044
0;52879;-1.1839328;9.700109;-1.5442601
0;52940;-1.3934253;9.506178;-1.043872
0;53001;-1.4808137;9.592369;-1.7190368
0;53062;-1.8195933;9.303867;-2.1763294
0;53124;-1.7022774;9.476251;-1.9596541
0;53183;-2.3882163;9.727641;-2.7844565
0;53247;-1.8555063;9.247604;-2.134431
0;53308;-2.2146366;9.392453;-2.847903
0;53368;-1.4616601;9.55047;-2.2960393
0;53427;-1.9764135;9.324219;-2.4528596
0;53488;-2.1667526;9.88925;-1.1587936
0;53550;-2.160767;8.91481;-2.779668
0;53609;-2.6994624;9.294291;-2.6300306
0;53669;-2.268506;9.504981;-1.4508862
0;53729;-2.529474;9.440337;-2.4660277
0;53791;-2.4648306;9.300277;-2.2876596
0;53853;-3.0107086;9.581595;-2.0470424
0;53915;-2.6036944;9.01776;-1.6448165
0;53976;-3.1004913;8.752005;-2.4911668
0;54038;-2.944868;9.388862;-2.1140802
0;54099;-3.05141;9.102755;-2.3906105
0;54159;-3.3051953;9.441534;-2.6420016
0;54217;-3.4392707;9.545682;-1.9476831
0;54280;-3.632004;9.545682;-1.9309237
0;54339;-3.9360676;8.568848;-1.8866309
0;54399;-4.2940006;8.615535;-1.8052281
0;54460;-4.2700586;8.62152;-1.6448165
0;54521;-4.43885;8.829816;-1.1432313
0;54581;-4.453215;8.550891;-1.3347675
0;54643;-4.923676;8.60117;-1.3934253
0;54704;-4.9320555;8.477868;-0.49200845
0;54765;-5.177461;8.833407;-1.423353
0;54825;-4.9164934;8.532935;-1.3383588
0;54886;-4.656722;8.457518;-1.0498575
0;54946;-4.200627;8.731653;-0.36870706
0;55007;-3.4452562;9.344569;-0.2837129
0;55068;-2.9580362;9.618706;-0.19991584
0;55128;-2.9604304;9.465476;-0.35314476
0;55189;-2.4827871;10.351331;-0.19871874
0;55251;-1.400608;10.461464;-0.33758244
0;55314;-2.0578163;10.58716;-0.38307226
0;55371;-0.58298814;9.8198185;-0.17717093
0;55433;-0.35434186;9.768343;0.4357447
0;55495;0.5482722;9.390059;0.724246
0;55556;1.0893618;8.603564;1.2605472
0;55616;0.94451255;8.323442;0.8631097
0;55676;1.2306197;8.595184;0.24061728
0;55737;1.8914193;9.566033;0.31004912
0;55798;2.8215668;9.209297;0.8283938
0;55858;1.8483237;9.428367;0.7314286
0;55919;1.4999673;9.425972;0.50158525
0;55981;1.4293385;9.561244;0.4345476
0;56043;1.5191209;9.300277;0.6823475
0;56105;2.516306;11.660959;0.91578215
0;56166;1.3227965;10.354922;0.49799395
0;56227;0.6727707;9.676167;-0.61650693
0;56286;0.25498247;9.603143;0.17357962
0;56347;0.10654198;9.303867;-0.18195933
0;56408;-0.011971008;10.139444;-0.6476316
0;56468;-0.7146692;9.586384;-0.1448492
0;56529;-0.9720459;9.842564;-1.3036429
0;56589;-0.7505822;9.701305;-1.4700398
0;56649;-1.5717934;9.773131;-1.5526398
0;56709;-1.9776106;9.293094;-1.7561469
0;56770;-1.9680338;9.520543;-1.5095441
0;56834;-1.863886;9.563639;-1.9895816
0;56895;-2.4001873;9.391256;-2.134431
0;56957;-2.6144683;9.150639;-2.2301989
0;57019;-2.4995465;9.755175;-2.9125464
0;57079;-2.2409728;9.351752;-1.9285295
0;57141;-2.3223755;9.574412;-2.2397757
0;57201;-2.5725696;9.029732;-2.5366566
0;57260;-2.6731262;9.176975;-2.0566192
0;57321;-2.4253263;9.193734;-2.160767
0;57383;-2.6084828;9.132683;-2.2828712
0;57443;-2.4193408;9.301474;-1.6591818
0;57505;-2.9017725;9.536105;-2.2158337
0;57566;-2.9173348;9.421184;-2.2002714
0;57628;-2.8909986;9.19134;-2.6850972
0;57687;-3.3614593;9.508572;-2.2050598
0;57751;-3.9480386;8.617929;-2.3822308
0;57813;-4.1706996;8.324639;-2.8802247
0;57873;-3.8869865;9.625888;-1.6424223
0;57935;-4.381389;8.645462;-1.1839328
0;57995;-4.5872903;8.617929;-1.2904748
0;58056;-4.794389;8.572439;-1.3994108
0;58117;-4.8506527;8.433576;-1.0929531
0;58179;-5.118803;8.432379;-1.1444284
0;58237;-5.0374002;8.452729;-0.8726865
0;58297;-4.8638206;8.514978;-0.17717093
0;58358;-4.656722;8.348581;-0.6356605
0;58419;-4.830302;8.9363575;-0.5566519
0;58481;-4.871003;8.571242;-0.415394
0;58543;-4.673482;8.853758;-0.24181437
0;58605;-3.7241807;9.41041;0.2681506
0;58666;-2.4959552;10.016143;0.6428431
0;58728;-4.1455603;10.362105;0.7314286
0;58790;-2.528277;10.809821;-0.45489833
0;58850;-1.6591818;10.461464;0.004788403
0;58910;-1.8507179;9.895236;-0.4141969
0;58971;-0.61171854;9.2308445;0.35793316
0;59032;0.60812724;8.292317;1.0366893
0;59093;1.0247183;8.761581;0.40701428
0;59153;1.0103531;8.070854;0.4177882
0;59213;2.0530279;10.086772;0.7326257
0;59276;2.56419;9.251195;0.51116204
0;59338;1.8782512;9.731233;0.8762778
0;59399;1.3431472;9.362526;0.4201824
0;59460;1.8459295;9.531317;0.47165772
0;59523;1.472434;9.697714;0.65242
0;59585;2.315193;11.881226;1.2473791
0;59646;1.9093759;9.989806;0.37110126
0;59706;-0.092176765;9.67856;-0.8475474
0;59769;0.6356605;9.580399;-0.4429273
0;59829;0.5626374;9.68694;0.22864626
0;59889;-0.031124622;9.77792;-0.7266402
0;59949;-0.39264908;9.733627;-0.9600749
0;60010;-0.7769185;9.680955;-1.5777789
0;60065;-1.4520833;9.634268;-0.7206547
0;60127;-1.3599066;9.713276;-1.5921441
0;60189;-1.827973;9.582792;-1.5610195
0;60254;-1.5023615;9.362526;-1.7190368
0;60315;-2.0602105;9.781511;-2.7126305
0;60376;-2.3810337;9.634268;-2.755726
0;60437;-1.7058687;9.378088;-0.9696517
0;60497;-1.8782512;9.415198;-2.5893292
0;60558;-2.7688942;9.226056;-2.6060886
0;60617;-1.8926164;9.576807;-1.3144168
0;60677;-2.1416135;9.42238;-1.9524715
0;60738;-1.8255788;9.27394;-2.5342624
0;60798;-2.3092074;9.552865;-2.3535004
0;60860;-2.3439236;9.604341;-2.1751323
0;60922;-3.1603463;9.391256;-2.0685902
0;60984;-3.1962593;9.109938;-2.7090392
0;61046;-3.1830912;9.2308445;-2.1164744
0;61103;-3.264494;9.077616;-2.742558
0;61164;-3.5482068;9.23683;-2.2960393
0;61226;-4.188656;9.249998;-1.5849615
0;61289;-4.2796354;8.526949;-1.3623008
0;61348;-4.571728;8.485051;-1.2054806
0;61410;-4.7189717;8.461109;-1.1085154
0;61470;-5.0745106;8.41921;-0.58657944
0;61530;-5.354632;8.508993;-0.89902276
0;61590;-5.1810527;8.366538;-0.30406362
0;61653;-4.9907136;8.596381;-0.29328972
0;61714;-4.973954;8.608353;-0.31483752
0;61776;-4.525041;8.823831;-0.2896984
0;61835;-4.4017396;8.834604;-0.58298814
0;61896;-3.8522706;9.168595;-0.06584055
0;61958;-3.3123782;9.625888;-0.1604115
0;62024;-2.7976246;10.548853;-0.28491
0;62085;-2.8311436;10.447099;-0.6943185
0;62145;-3.5553896;10.408792;0.50637364
0;62205;-1.0737995;10.30225;0.6631939
0;62266;-1.4041992;10.644621;0.055066638
0;62327;-0.30047232;9.4535055;0.03232172
0;62388;0.6452374;8.900445;0.5363012
0;62447;0.90500826;7.9272017;0.7194576
0;62502;0.93852705;8.066066;0.47764325
0;62563;1.8782512;8.857349;0.8678981
0;62627;4.3514614;9.580399;0.62249243
0;62693;2.3080103;9.697714;0.8834604
0;62755;1.1204864;9.089587;0.51714754
0;62815;1.6136919;9.469068;0.2621651
0;62870;2.360683;9.077616;0.16998832
0;62936;2.8455088;11.938686;1.3120226
0;62995;1.9309237;10.032902;0.5662287
0;63056;-0.48243165;9.045294;-1.1935096
0;63119;1.1312603;10.218452;-0.33399114
0;63180;0.2693477;9.587581;-0.044292733
0;63241;0.30047232;9.8198185;-0.90979666
0;63301;-0.51475334;9.718064;-1.1671734
0;63361;-0.44651863;9.564836;-0.63087213
0;63423;-0.8367735;9.6845455;-0.7685388
0;63485;-0.91458505;9.945514;-1.2114661
0;63547;-1.5143325;9.610326;-1.0809821
0;63609;-1.1204864;9.740809;-1.7274165
0;63671;-1.5298948;9.543288;-2.1080947
0;63733;-1.541866;9.773131;-1.1683705
0;63795;-2.3750482;9.277532;-2.5318682
0;63857;-2.7832594;9.2308445;-2.8778305
0;63920;-2.1068976;9.519346;-2.0111294
0;63980;-2.1176715;9.345766;-1.9800048
0;64040;-2.3056161;9.295488;-2.822764
0;64100;-2.0266917;9.296685;-2.1452048
0;64160;-1.8555063;9.434352;-1.8938135
0;64221;-2.1140802;9.498995;-2.1260512
0;64282;-2.4361002;9.102755;-2.0242975
0;64344;-2.396596;9.15423;-1.8830396
0;64404;-2.7401638;9.27394;-2.2098482
0;64465;-2.4768016;9.555259;-2.2409728
0;64527;-3.1148565;9.689334;-2.4133554
0;64589;-3.0502129;8.992621;-2.5929205
0;64650;-3.8175547;8.701726;-2.5582044
0;64710;-4.0198646;9.063251;-2.0733786
0;64773;-3.8379054;8.959103;-1.5526398
0;64831;-4.6483426;8.92319;-1.353921
0;64891;-4.5202527;8.640674;-0.81043726
0;64951;-4.951209;8.213309;-0.61770403
0;65012;-5.6299653;8.462306;-1.270124
0;65073;-4.8159366;8.238448;-0.51954174
0;65134;-4.7417164;8.827422;-0.37948096
0;65195;-3.8247373;9.220071;-0.076614454
0;65257;-3.1052797;9.931149;0.09816227
0;65319;-2.541445;10.437522;0.47046062
0;65381;-3.6284127;10.225636;-0.06703765
0;65444;-3.83192;11.095928;-0.32441434
0;65505;-1.851915;9.767146;0.30765492
0;65567;-1.6448165;9.5971575;0.38187516
0;65624;0.48841715;8.933964;0.91338795
0;65685;0.8858546;9.119514;0.8678981
0;65747;0.9888053;8.526949;0.46806642
0;65810;1.34195;9.674969;-0.5279215
0;65871;1.2246342;8.710106;0.38187516
0;65927;2.585738;9.050082;0.5734113
0;65987;1.958457;9.878476;0.6967127
0;66049;1.9237411;9.26556;0.017956512
0;66113;1.5310919;9.5732155;0.58897364
0;66175;1.8567034;9.386468;0.50038815
0;66236;0.4189853;11.184513;0.9911995
0;66297;2.6312277;11.115082;1.1216835
0;66358;-0.521936;9.344569;-1.3299791
0;66419;0.6871359;9.527725;-0.5626374
0;66480;-0.002394202;9.702502;-0.17717093
0;66540;0.7170634;9.810242;-0.7206547
0;66600;-0.93493575;9.929952;-0.8415619
0;66657;-0.10175357;9.26556;-0.5530606
0;66717;-0.9744401;9.615114;-0.61530983
0;66783;-0.8295909;10.158598;-1.5298948
0;66844;-1.352724;9.498995;-0.9888053
0;66905;-1.8052281;9.449914;-2.172738
0;66967;-1.4460979;9.55047;-0.6787562
0;67029;-2.0326772;9.463082;-2.19668
0;67090;-2.2816741;9.161413;-2.3295584
0;67152;-2.067393;9.398438;-2.5833437
0;67211;-2.6982653;9.69532;-2.7760768
0;67274;-2.1428106;9.095572;-1.7226281
0;67334;-2.6312277;9.317036;-2.7593174
0;67395;-1.8662802;9.216479;-2.0470424
0;67455;-2.0027497;9.3026705;-2.136825
0;67515;-1.7932571;9.498995;-1.8890251
0;67571;-2.3104045;9.035717;-1.9895816
0;67635;-2.4241292;9.702502;-2.8095956
0;67697;-2.9819782;9.337387;-2.1667526
0;67760;-3.0885203;9.42238;-2.6479871
0;67821;-3.1304188;8.671799;-2.4995465
0;67884;-3.787627;9.01417;-2.3199813
0;67945;-4.1216183;9.093178;-2.5366566
0;68007;-3.8283286;9.021352;-1.4736311
0;68069;-4.43885;8.470686;-1.1827357
0;68131;-4.973954;8.605958;-1.6053122
0;68192;-5.291186;8.210915;-1.3563153
0;68255;-5.531803;8.202535;-0.38067806
0;68315;-5.499481;8.360553;-0.32680854
0;68375;-5.4743423;8.505402;-0.05267244
0;68435;-5.2049947;8.175002;-0.6679823
0;68496;-5.3438582;8.213309;-0.14724341
0;68557;-5.3282957;8.209718;-0.142455
0;68617;-5.531803;8.279149;-0.39743748
0;68678;-5.092467;8.470686;-0.10534488
0;68740;-4.5860934;8.772355;-0.2777274
0;68803;-4.4101195;8.750807;-0.40342298
0;68863;-3.9588125;8.959103;-0.1400608
0;68924;-2.9005754;9.412804;0.272939
0;68978;-2.3080103;11.196485;-0.090979666
0;69045;-2.9867666;10.948685;0.29568392
0;69107;-2.9759927;10.41358;0.7146692
0;69168;-2.0446482;9.921572;0.1328782
0;69226;-1.4185646;9.421184;-0.21906945
0;69290;0.2801216;8.365341;0.8523358
0;69349;1.2677298;8.220491;0.79008657
0;69410;1.5921441;8.889671;0.35314476
0;69470;1.7465701;8.596381;0.2861071
0;69531;2.801216;9.469068;0.7182605
0;69593;2.4313118;9.0237465;0.7721301
0;69655;2.765303;9.317036;0.9504981
0;69715;1.3802572;8.848969;0.81043726
0;69778;1.4089876;13.318944;1.4760253
0;69841;2.3989902;9.124303;0.30166942
0;69901;-0.8535329;9.714474;-0.93972415
0;69962;0.51116204;9.691729;0.50757074
0;70024;-0.47524905;9.674969;-0.7170634
0;70084;-0.34596214;9.737218;-0.6380547
0;70145;-1.091756;9.89763;-1.3443443
0;70206;-1.460463;9.387665;-2.007538
0;70267;-1.42455;9.94312;-0.24301147
0;70327;-1.733402;8.937555;-2.3187842
0;70388;-2.3642743;9.64983;-1.8986019
0;70449;-1.8375498;9.416395;-1.5334862
0;70512;-2.2768857;9.2547865;-2.6192567
0;70572;-2.4624364;9.408015;-2.6396074
0;70634;-2.4372973;9.7324295;-2.6479871
0;70694;-2.730587;8.968679;-2.2409728
0;70756;-2.4899697;9.546879;-2.4768016
0;70817;-2.0697873;9.378088;-2.4037786
0;70877;-2.244564;9.103952;-2.4289176
0;70937;-2.124854;9.289502;-2.4971523
0;70998;-2.5007436;9.266758;-2.267309
0;71058;-2.5115175;9.399636;-1.4089876
0;71118;-2.327164;9.269152;-2.1452048
0;71180;-2.2732944;9.710882;-2.31639
0;71240;-2.6431987;9.390059;-2.2720973
0;71302;-2.9867666;9.035717;-2.2840683
0;71364;-3.2752678;9.463082;-2.0123265
0;71421;-2.967613;9.791088;-2.3211784
0;71485;-3.3614593;9.303867;-2.1140802
0;71547;-3.857059;9.011775;-2.4313118
0;71607;-4.23654;8.178593;-1.5658079
0;71668;-4.6124296;8.574833;-1.8902222
0;71726;-4.811148;8.773552;-1.7848774
0;71790;-4.891354;8.210915;-1.055843
0;71848;-5.523423;8.160637;-0.92296475
0;71910;-5.767632;7.9631147;-1.2916719
0;71971;-5.616797;7.868544;-0.9576807
0;72034;-5.3498435;8.149862;-0.90261406
0;72095;-5.0781016;8.568848;-0.23223756
0;72157;-4.7740383;8.670602;-0.89184016
0;72218;-4.5082817;8.693346;-0.8475474
0;72281;-3.8989575;8.913613;-0.2633622
0;72343;-3.276465;9.962274;-0.19393034
0;72405;-2.7808652;11.225215;0.025139118
0;72467;-3.1387985;11.340137;-0.7194576
0;72529;-1.6747441;10.532093;-0.089782566
0;72591;-2.1440077;9.872491;-0.24899697
0;72654;0.074220255;8.495825;0.92416185
0;72714;1.2186487;8.767567;0.37708676
0;72774;1.8423382;7.6003933;0.36750996
0;72835;1.6328455;8.461109;0.50996494
0;72896;1.7058687;8.560468;0.4369418
0;72957;3.0693667;9.324219;0.6560113
0;73017;3.1040826;10.043676;0.8846575
0;73078;2.1583729;9.193734;0.20709845
0;73140;0.9660604;9.374496;0.6560113
0;73200;2.5438392;11.640609;0.6835446
0;73260;2.3570917;10.241198;0.8631097
0;73320;0.35314476;9.315839;-0.2705448
0;73381;0.7589619;9.836577;-0.34476504
0;73443;0.079008654;9.64983;0.047884032
0;73504;0.050278235;9.813833;-0.22026655
0;73564;-1.0019734;9.476251;-0.9720459
0;73624;-1.1408371;9.792285;-1.8064252
0;73685;-1.4544775;9.715671;-1.6292542
0;73745;-2.0494366;9.437943;-0.8367735
0;73806;-2.0374656;9.520543;-2.4025815
0;73869;-2.3307555;9.315839;-2.385822
0;73929;-2.72939;9.408015;-2.36188
0;73990;-2.27928;9.561244;-2.6850972
0;74051;-2.1045034;9.531317;-1.9093759
0;74111;-2.8981812;9.041702;-2.6360161
0;74172;-1.8291701;9.659407;-2.1978772
0;74233;-2.0278888;9.338584;-1.9895816
0;74294;-2.2469583;9.516952;-2.469619
0;74354;-2.2936451;9.097966;-2.2002714
0;74415;-2.3199813;9.343372;-2.7162218
0;74476;-2.753332;9.67856;-2.1404164
0;74537;-2.9592333;9.248801;-1.7477672
0;74597;-3.0561984;9.137471;-2.6803088
0;74658;-3.1974564;8.968679;-2.1140802
0;74719;-3.1507695;9.238028;-1.7812861
0;74782;-3.122039;9.156625;-3.3267434
0;74844;-3.7732618;9.576807;-2.2960393
0;74906;-4.413711;8.956709;-1.8255788
0;74968;-4.722563;8.213309;-1.7513585
0;75030;-4.9164934;8.037335;-1.3515269
0;75091;-5.1140146;8.311471;-1.9656396
0;75152;-5.482722;8.604761;-1.3862427
0;75210;-5.7149596;8.304289;-0.92775315
0;75274;-5.663484;8.397662;-1.0546459
0;75334;-5.365406;8.1558485;-0.93613285
0;75395;-5.3354783;8.176199;-0.90261406
0;75455;-5.1810527;8.248025;-1.1049241
0;75515;-5.0421886;8.4647;-0.9672575
0;75577;-4.572925;8.579621;-0.5638345
0;75639;-4.8374844;8.945934;-0.044292733
0;75699;-4.4220905;9.003395;-0.037110128
0;75763;-3.4835634;9.829395;-0.37708676
0;75824;-2.3894134;10.635044;-0.45848963
0;75886;-4.132392;11.332953;-0.80445176
0;75947;-2.1535845;10.755951;-0.7146692
0;76008;-1.6627731;9.890448;-0.027533319
0;76068;-0.5291186;9.044097;0.5518635
0;76130;0.8535329;8.768764;0.29688102
0;76188;1.0223241;8.221688;0.641646
0;76248;1.4748282;8.265982;0.5554548
0;76309;1.5717934;9.382876;0.2657564
0;76370;2.597709;9.103952;-0.107739076
0;76431;2.0925324;9.636662;1.3611037
0;76493;2.5246856;9.76116;0.7781156
0;76554;1.5047557;9.329007;0.23223756
0;76615;-0.09935937;10.734404;1.3371617
0;76675;2.087744;11.08276;1.3946224
0;76735;0.94690675;9.631873;-0.41060558
0;76797;-0.17118542;9.197326;-0.79248077
0;76857;0.24061728;9.931149;-0.48123455
0;76917;-0.60932434;9.842564;0.21308395
0;76978;-0.6739678;9.459491;-1.1420342
0;77039;-1.127669;9.503783;-1.5885528
0;77100;-1.021127;9.594764;-1.5059528
0;77161;-0.85473;9.877279;-1.5765818
0;77221;-1.8471266;9.369708;-1.376666
0;77284;-1.7525556;9.516952;-2.3451207
0;77347;-2.1045034;9.421184;-1.9357121
0;77407;-2.078167;9.539697;-2.0566192
0;77468;-2.5677812;9.360131;-2.5917234
0;77528;-2.4061728;9.734824;-2.7269957
0;77589;-2.1894975;9.074024;-2.098518
0;77650;-2.4660277;9.449914;-2.7006595
0;77709;-2.2337902;9.293094;-2.2421699
0;77770;-2.0015526;9.39365;-2.1452048
0;77831;-2.2218192;9.387665;-2.3582888
0;77891;-2.243367;9.168595;-2.1380222
0;77954;-2.8072014;9.085996;-1.9859903
0;78015;-2.5139117;9.348161;-1.804031
0;78076;-2.7844565;9.606734;-2.4001873
0;78138;-2.8203697;9.332599;-2.31639
0;78199;-3.1866825;9.3182335;-1.8962077
0;78260;-3.0334535;8.910022;-2.9975405
0;78320;-3.7325604;8.735245;-2.5091233
0;78381;-3.7720647;9.321824;-2.136825
0;78440;-3.9432502;8.963891;-2.231396
0;78501;-4.1216183;8.607155;-1.3958195
0;78561;-4.7261543;8.797494;-1.2090719
0;78623;-4.8877625;8.775947;-1.2773066
0;78683;-5.2409077;8.943541;-0.91458505
0;78745;-5.341464;8.585608;-0.6679823
0;78807;-5.100847;8.479065;-0.8451532
0;78869;-4.461595;8.537724;-0.2837129
0;78930;-4.2796354;9.093178;-0.7026982
0;78990;-3.3518825;9.421184;0.07062895
0;79050;-3.6236243;9.8437605;0.04070143
0;79111;-3.2429461;10.307038;-0.094570965
0;79172;-2.4229321;10.631453;-0.2837129
0;79231;-2.4947581;9.880871;-0.4165911
0;79294;-1.4652514;9.060856;-0.22146365
0;79354;0.14604631;9.109938;0.48961425
0;79415;1.2306197;8.535329;0.78170687
0;79476;0.8702923;8.65025;0.3842694
0;79538;1.1121067;8.998607;0.36272156
0;79599;2.3475149;9.097966;0.001197101
0;79660;1.8495208;9.5971575;0.22146365
0;79720;1.887828;9.598354;1.0977415
0;79783;0.830788;9.702502;0.16639702
0;79844;1.2378023;9.472659;0.36391866
0;79905;1.5047557;9.150639;-0.05865794
0;79966;-0.35434186;11.549629;1.1659763
0;80027;2.3558946;11.09114;1.8806454
0;80088;-0.48722005;8.963891;-1.7381904
0;80149;-0.2801216;9.536105;-0.05746084
0;80208;-0.12808979;9.829395;-0.6823475
0;80270;-0.93493575;9.677363;-0.92655605
0;80331;-0.65242;9.952697;-1.3371617
0;80394;-0.93493575;9.651027;-1.780089
0;80455;-1.210269;9.858126;-1.1791444
0;80517;-1.7345991;9.2308445;-1.3982137
0;80579;-2.1535845;9.605537;-1.9752164
0;80640;-2.0697873;9.52174;-1.6484078
0;80699;-1.8626889;9.488221;-1.9680338
0;80760;-2.5773582;9.321824;-2.433706
0;80821;-2.6013002;9.374496;-2.6743233
0;80883;-2.2301989;9.138668;-2.292448
0;80943;-1.9752164;9.497798;-2.280477
0;81004;-2.030283;9.52174;-1.733402
0;81065;-1.9393034;9.1255;-2.4468741
0;81126;-2.0278888;9.489418;-2.1021092
0;81184;-2.397793;8.917204;-2.5019407
0;81247;-2.054225;9.639056;-2.054225
0;81309;-2.4779987;9.392453;-2.087744
0;81370;-2.9700072;9.2308445;-2.2876596
0;81432;-3.0442274;9.38168;-2.4073699
0;81493;-3.0059202;9.1255;-2.492364
0;81553;-3.108871;8.932767;-2.1523874
0;81614;-3.2920272;8.822633;-2.5845408
0;81675;-3.5781345;8.785523;-2.3918076
0;81735;-3.9863458;9.718064;-2.5378537
0;81795;-3.9959226;9.1255;-1.115698
0;81856;-5.687426;8.516175;-0.8283938
0;81917;-5.5701103;7.587225;-1.2521675
0;81977;-5.995081;7.8984714;-1.1180922
0;82038;-6.149507;7.57286;-0.70509243
0;82095;-5.803545;8.14268;-0.36750996
0;82156;-5.031415;8.39048;-0.9660604
0;82216;-4.607641;8.913613;0.010773907
0;82279;-3.7912183;9.507375;-0.16160862
0;82340;-2.9029696;10.103531;0.20350714
0;82400;-3.2716765;9.78989;0.2645593
0;82461;-5.129577;10.516531;-0.7290344
0;82521;-1.6005238;10.425551;-0.7314286
0;82581;-2.3104045;9.835381;-1.2569559
0;82643;-0.8762778;9.058462;-1.0606314
0;82703;0.32680854;9.011775;0.78649527
0;82767;0.9504981;8.953117;1.0654198
0;82829;1.1707647;8.828619;0.31483752
0;82890;1.3395559;8.973468;0.51714754
0;82951;1.9776106;9.044097;0.1376666
0;83008;1.9309237;8.985439;-0.20829555
0;83069;2.2493525;9.850943;1.316811
0;83131;2.1823149;9.471462;0.9528923
0;83193;1.388637;10.011354;-0.11971009
0;83255;0.93014735;9.770737;0.5267244
0;83316;2.2337902;11.323377;1.4748282
0;83377;0.50517654;9.324219;-0.89662856
0;83438;-1.6065093;9.3182335;-1.5741876
0;83499;-1.1599907;9.949105;0.017956512
0;83561;-1.3227965;9.081207;-1.3263878
0;83623;-2.2146366;9.792285;-1.602918
0;83684;-1.5239093;9.264363;-1.7513585
0;83745;-1.6891093;9.653421;-2.1990743
0;83805;-2.4349031;9.094376;-3.2369606
0;83866;-3.071761;9.697714;-2.3175871
0;83927;-2.005144;9.372103;-1.8650831
0;83987;-2.3223755;9.168595;-3.738546
0;84047;-1.5119383;9.715671;-2.2397757
0;84108;-2.0901382;9.522937;-1.2737153
0;84169;-2.4756045;9.321824;-2.645593
0;84229;-2.4504654;9.235633;-2.505532
0;84291;-2.44448;9.465476;-1.8734628
0;84348;-3.679888;9.004593;-2.1823149
0;84413;-2.8383262;8.829816;-1.9440918
0;84476;-3.8235402;9.387665;-3.1627405
0;84540;-4.248511;9.085996;-1.6077064
0;84599;-4.3598413;8.544906;-1.1372458
0;84661;-4.733337;7.9954367;-1.1300632
0;84722;-4.9428296;8.487445;-1.5095441
0;84782;-5.3522377;8.263587;-0.91697925
0;84843;-5.5030727;8.24563;-0.8846575
0;84903;-5.2205567;8.14268;-0.6476316
0;84964;-5.4791307;8.112753;-1.3431472
0;85025;-5.3139305;7.9714947;-0.5303157
0;85086;-5.106832;8.836999;-0.49081135
0;85147;-4.010288;9.3026705;-0.11372458
0;85207;-3.180697;9.999383;0.23942018
0;85270;-4.2102036;11.054029;0.19273324
0;85333;-3.2944214;10.740389;-0.80205756
0;85394;-2.7365725;10.377667;-0.074220255
0;85456;-1.9057846;9.624691;-0.25019407
0;85517;0.31483752;8.865729;0.82480246
0;85579;0.7685388;8.269572;0.7062895
0;85639;1.0737995;8.214506;0.48003745
0;85701;1.7369933;8.852561;-0.31244332
0;85763;2.7700913;9.232041;0.47884035
0;85821;3.2956185;9.275137;0.7469909
0;85882;1.827973;9.621099;0.35075054
0;85941;3.0490158;11.09114;1.1480197
0;86003;-1.2294226;7.4447703;-1.9045875
0;86064;-1.471237;10.064027;-1.1073183
0;86126;-1.6184803;8.409634;-2.5127146
0;86185;-2.1284454;9.856929;-1.8219875
0;86248;-3.582923;9.307459;-3.4943373
0;86310;-1.4616601;9.888053;-2.6539726
0;86371;-1.7082629;9.598354;-2.0590134
0;86433;-2.8933928;9.25359;-4.1515455
0;86493;-2.1978772;9.701305;-1.1109096
0;86554;-2.3451207;9.676167;-1.6962919
0;86615;-2.4612393;9.330204;-2.7712884
0;86677;-2.409764;9.15423;-2.1152773
0;86735;-2.825158;9.315839;-1.733402
0;86792;-3.2369606;8.59279;-1.9716251
0;86854;-3.180697;8.9602995;-2.5929205
0;86916;-3.855862;9.338584;-3.3554738
0;86977;-3.5338416;9.698911;-1.8004397
0;87041;-3.9205053;9.106346;1.2306197
0;87105;-4.509479;9.350554;-1.22224
0;87166;-4.9943047;9.640253;-2.7868507
0;87227;-3.843891;9.41879;0.91817635
0;87290;-4.361038;11.075577;0.20111294
0;87351;-3.1866825;10.540473;-0.91099375
0;87413;-2.1176715;10.01734;-0.557849
0;87475;-0.60812724;9.106346;-0.17118542
0;87536;0.33518824;8.170214;0.4405331
0;87596;0.59136784;8.295909;0.61530983
0;87657;0.7745243;8.327033;0.56982
0;87717;1.3730747;9.67018;0.33997664
0;87778;3.122039;9.31105;0.9684546
0;87838;2.883816;9.995792;0.15203181
0;87898;3.276465;8.261193;0.93254155
0;87960;-2.2661119;13.365631;1.2318168
0;88023;5.094861;9.896433;1.4891934
0;88084;-5.0158525;6.779182;-1.3024458
0;88146;0.18914193;10.461464;-2.9352913
0;88208;-2.8431146;9.350554;-2.731784
0;88270;-1.2665327;9.913192;-1.1180922
0;88331;-2.4265234;9.054871;-3.4249055
0;88393;-1.8291701;9.722853;-2.3295584
0;88453;-1.7621324;9.437943;-1.2186487
0;88514;-1.8219875;9.472659;-2.3774424
0;88574;-1.9931729;9.251195;-2.2828712
0;88635;-2.030283;9.582792;-1.9752164
0;88694;-2.7964275;9.332599;-2.1511903
0;88756;-2.718616;9.224859;-2.2852654
0;88817;-2.5617957;9.097966;-2.3642743
0;88878;-2.9137435;9.147048;-2.8682537
0;88940;-4.0533834;9.02614;-2.9149406
0;89001;-3.8630445;8.9602995;-1.2629414
0;89061;-3.9863458;8.835801;0.11372458
0;89124;-3.9671922;10.131064;-0.038307227
0;89185;-2.7736826;11.319786;-1.1049241
0;89247;-5.2325277;10.146626;-0.58538234
0;89310;-4.921282;10.888829;0.93493575
0;89371;-2.7509377;10.289082;-0.31364042
0;89431;-2.2661119;9.958682;-0.8834604
0;89492;-1.2749124;8.5700445;-1.0414777
0;89551;0.9504981;7.526173;0.439336
0;89613;1.6053122;7.49026;1.0546459
0;89675;1.4089876;8.239645;-0.088585466
0;89735;1.6089035;9.743204;0.037110128
0;89796;3.0561984;9.733627;0.48961425
0;89858;3.4249055;8.831013;0.58538234
0;89919;-2.2218192;11.926716;0.48602295
0;89980;4.0892963;11.08276;2.4851813
0;90043;-2.4121583;7.7368627;-2.3953989
0;90104;0.5758055;10.113108;-1.0785879
0;90166;-2.6755204;9.574412;-1.1839328
0;90226;-1.7645266;9.054871;-2.5845408
0;90288;-2.6994624;9.76116;-3.4919431
0;90350;-1.1779473;9.399636;-1.3467385
0;90410;-2.6384103;9.208099;-2.3678656
0;90470;-2.5462334;9.035717;-3.132813
0;90531;-2.1499932;9.682152;-1.9369092
0;90591;-1.9405005;9.603143;-1.757344
0;90652;-2.433706;9.249998;-1.9416976
0;90711;-2.7377696;9.23683;-2.360683
0;90773;-2.96881;9.384073;-2.5713725
0;90835;-2.658761;8.995016;-1.661576
0;90897;-3.1423898;9.423578;-2.5450363
0;90958;-4.344279;9.625888;-2.825158
0;91021;-3.751714;9.637859;-0.45609543
0;91081;-3.1627405;9.428367;0.8403648
0;91141;-3.940856;10.267534;-1.8052281
0;91201;-4.7189717;9.572019;-0.5638345
0;91261;-5.395334;11.457452;0.6476316
0;91322;-2.4887726;9.9790325;-0.20590134
0;91383;-3.064578;9.865308;-1.5071499
0;91443;-0.89782566;8.541314;-0.6715736
0;91500;-0.1448492;8.556877;0.60932434
0;91566;1.0043676;8.091205;0.6811504
0;91629;0.40342298;8.12592;-0.010773907
0;91688;0.32441434;10.018537;-0.001197101
0;91750;3.2142158;9.929952;0.11611878
0;91812;2.2050598;10.275913;0.44532153
0;91874;-0.003591303;10.323798;0.16759412
0;91935;1.7034745;13.029245;0.88944596
0;91995;-1.3503298;6.977901;-1.1420342
0;92055;0.04189853;10.353725;-1.4927847
0;92117;-4.1144357;9.1255;-3.5170822
0;92178;-1.5514427;9.961076;-1.5897499
0;92239;-1.6244658;9.48463;-2.3127987
0;92299;-2.5737667;9.400833;-2.4313118
0;92360;-1.8602947;9.143456;-2.3116016
0;92422;-1.7274165;9.379285;-2.4863784
0;92484;-2.3127987;9.284714;-2.4480712
0;92546;-1.673547;9.308656;-1.8052281
0;92607;-1.9967642;9.215282;-2.3714569
0;92668;-3.228581;9.406818;-2.7138276
0;92728;-2.7856536;10.317812;-1.8231846
0;92791;-2.7844565;10.468647;-2.72939
0;92853;-3.1364043;8.309077;-3.371036
0;92915;-3.3901896;8.384495;-0.89184016
0;92976;-3.4835634;8.998607;-1.1312603
0;93037;-3.582923;9.941922;-0.49440265
0;93097;-2.2481554;10.748769;0.59376204
0;93158;-4.406528;10.94629;-1.0965444
0;93217;-5.2516813;10.460267;-0.830788
0;93280;-1.9297266;9.884461;0.037110128
0;93340;-2.9388826;9.247604;-0.08738836
0;93401;-0.46686932;8.682572;-0.40462008
0;93464;1.2976574;7.997831;0.36870706
0;93524;1.2808979;8.498219;1.2138603
0;93586;0.7661445;8.143877;-0.037110128
0;93647;2.1894975;10.475829;-0.16998832
0;93708;3.3662477;9.993398;0.45010993
0;93770;2.4720132;9.600749;0.10295067
0;93832;-0.108936176;13.136985;0.22864626
0;93892;1.3563153;7.821857;0.9911995
0;93952;-1.5705963;9.169792;-0.90979666
0;94013;-2.146402;9.461885;-0.5566519
0;94073;-1.4903905;9.141062;-3.0657754
0;94135;-2.3942018;9.303867;-3.4584243
0;94193;-2.0614076;9.816227;-2.3199813
0;94257;-2.2661119;9.66659;-2.3906105
0;94319;-1.8962077;9.497798;-2.5019407
0;94379;-2.112883;9.55047;-2.3535004
0;94441;-2.5151088;9.285912;-1.2126632
0;94503;-2.255338;9.157822;-1.5610195
0;94565;-3.039439;9.127894;-2.6767175
0;94627;-2.801216;9.155427;-2.0685902
0;94689;-2.60968;9.770737;-2.4049757
0;94749;-3.9719806;10.059238;-3.0083144
0;94811;-3.4009635;9.1255;-0.8295909
0;94873;-3.38181;10.530896;1.2270284
0;94932;-3.9516299;10.101137;-1.6256629
0;94993;-5.3582234;9.057265;-1.1971009
0;95054;-5.5844755;9.533711;-1.3910311
0;95115;-3.3602622;9.609129;-0.48482585
0;95177;-1.5478514;9.370906;-0.7565677
0;95235;0.24420857;9.516952;1.2246342
0;95297;0.81881696;9.220071;1.0546459
0;95359;-0.40701428;8.842984;-0.9935937
0;95420;0.22984336;7.6470804;-0.11851298
0;95481;1.5765818;9.200917;0.878672
0;95541;2.5079262;10.352529;0.31124622
0;95601;2.802413;9.79827;0.9564836
0;95662;0.45250413;10.688913;0.23223756
0;95721;2.3523033;12.054806;-0.108936176
0;95784;0.61890113;7.7584105;0.17597382
0;95844;-1.1121067;9.794679;-0.44891283
0;95905;-1.9680338;9.387665;-1.7501614
0;95966;-0.80325466;9.552865;-1.7633295
0;96027;-2.4779987;9.301474;-3.6104562
0;96089;-1.6208745;9.287108;-2.1392193
0;96151;-1.9357121;9.111135;-2.1751323
0;96213;-1.6232687;9.746795;-2.1894975
0;96275;-1.8602947;9.503783;-2.1284454
0;96337;-2.7030537;8.985439;-1.2940661
0;96398;-1.99437;9.242816;-2.0638018
0;96459;-2.6623523;9.740809;-2.8993783
0;96519;-2.5558102;10.143036;-2.1176715
0;96580;-2.96881;10.127473;-2.244564
0;96640;-3.7565024;9.226056;-3.8893807
0;96700;-3.5769374;8.008605;-1.1923125
0;96760;-4.0162735;9.129091;-1.0342951
0;96822;-3.9851487;9.688137;-1.1204864
0;96882;-2.8574798;10.295067;-0.12090719
0;96945;-3.6882677;10.160992;-0.23463176
0;97006;-4.2700586;10.782288;-0.9816227
0;97067;-2.5270798;10.454282;-0.48602295
0;97130;-2.8862102;9.660604;-0.49799395
0;97189;-1.0546459;8.977059;-0.077811554
0;97250;0.61890113;8.226477;0.724246
0;97311;1.4305356;8.112753;0.7218518
0;97372;1.0821792;8.707711;0.4321534
0;97433;1.3503298;10.107122;-0.36391866
0;97494;2.9173348;9.31943;-0.16998832
0;97555;2.6970682;9.451111;0.21787235
0;97615;-0.2741361;11.86686;1.0007763
0;97676;3.107674;11.60709;0.37708676
0;97737;-0.34356794;8.295909;-0.7589619
0;97797;0.04070143;9.482236;-0.91578215
0;97861;-2.2158337;9.267955;-1.4413095
0;97922;-2.086547;9.27394;-3.2022448
0;97983;-2.9532478;9.533711;-2.5558102
0;98045;-1.1336545;9.332599;-1.5095441
0;98107;-1.9321208;9.88925;-3.098097
0;98168;-2.3427265;8.949526;-2.9161377
0;98227;-2.1990743;8.977059;-1.9249382
0;98290;-2.7928362;9.710882;-1.3515269
0;98350;-2.3175871;9.489418;-1.6555905
0;98410;-2.3295584;9.39365;-2.7688942
0;98470;-3.4883518;9.178172;-2.7952304
0;98529;-3.0478187;9.259575;-1.5095441
0;98591;-3.6655228;9.375694;-3.1759086
0;98652;-3.8486793;8.852561;-2.585738
0;98712;-3.618836;9.115923;0.25378537
0;98773;-3.3243492;9.44752;0.62728083
0;98834;-4.4340615;9.387665;-3.1519666
0;98894;-4.554969;9.630676;0.12449849
0;98954;-5.1523223;10.992977;0.4441244
0;99008;-3.3566709;10.183737;-0.7745243
0;99068;-1.6352397;9.915586;-0.51595044
0;99131;-0.5446809;9.336189;-0.16998832
0;99195;0.18315643;8.27077;0.03232172
0;99258;0.7457938;7.7584105;0.24660277
0;99321;0.089782566;8.285135;-0.11492168
0;99382;2.5558102;9.816227;0.11252748
0;99444;2.6850972;10.366894;0.31364042
0;99506;2.3523033;9.136273;0.33997664
0;99568;-0.7374141;12.218808;-0.21787235
0;99630;2.8514943;10.812215;2.1188686
0;99689;-3.3147724;6.7803793;-1.8926164
0;99750;0.25737667;9.974244;-1.7872716
0;99811;-2.3523033;9.543288;-2.8766334
0;99872;-2.0470424;8.937555;-2.5139117
0;99932;-2.3882163;10.010158;-2.336741
0;99992;-0.35434186;10.0269165;-2.3594859
0;100053;-2.1906946;8.789114;-2.586935
0;100115;-2.3068132;9.443929;-2.4133554
0;100177;-2.27928;9.3026705;-1.7992426
0;100239;-2.0135236;9.605537;-2.908955
0;100299;-2.1823149;9.490616;-2.0649989
0;100360;-2.765303;9.139865;-2.0207062
0;100423;-2.801216;9.306262;-2.5366566
0;100485;-3.004723;8.966286;-2.1559787
0;100546;-3.1771057;9.635465;-2.4851813
0;100607;-3.429694;9.485827;-2.3331497
0;100668;-3.952827;9.246407;-0.14844051
0;100726;-3.952827;9.497798;0.37110126
0;100788;-4.5118732;9.659407;-2.2888567
0;100849;-4.5561657;8.8645315;-1.2282255
0;100911;-4.9548006;11.148601;-0.59735334
0;100972;-2.2050598;10.681731;0.24420857
0;101031;-2.3535004;10.893618;-0.5590461
0;101094;-1.2797008;9.306262;-1.1563994
0;101156;0.20350714;8.819042;-0.59974754
0;101216;0.4285621;7.926005;0.7553706
0;101279;0.6404489;7.6530657;0.7194576
0;101341;1.5011644;9.994595;0.5530606
0;101402;3.514688;9.229648;-0.41060558
0;101461;3.1028855;9.241618;-0.037110128
0;101521;2.1703439;8.400057;0.24779987
0;101579;1.0079589;10.893618;0.15203181
0;101637;3.9240966;13.201628;2.3810337
0;101697;-0.44651863;7.267599;-1.258153
0;101759;-0.29807812;9.661801;-2.1152773
0;101822;-2.207454;9.788693;-1.365892
0;101883;-1.5059528;8.942344;-2.231396
0;101946;-0.79846627;10.44231;-1.7082629
0;102009;-1.8016368;8.643068;-3.05141
0;102071;-1.6950948;9.850943;-2.087744
0;102133;-0.78649527;9.423578;-2.4289176
0;102193;-1.3742718;9.783905;-1.7776948
0;102255;-2.5486276;8.865729;-2.2601264
0;102315;-2.5342624;9.451111;-2.705448
0;102375;-2.6384103;9.483433;-2.2242134
0;102436;-2.7126305;9.4535055;-2.0099323
0;102497;-2.932897;9.384073;-2.2397757
0;102557;-3.3518825;9.241618;-2.4863784
0;102618;-3.5924997;10.6637745;-2.0506337
0;102679;-2.6635494;9.312247;0.022744916
0;102740;-2.315193;9.866506;0.3890578
0;102795;-4.3263226;9.8677025;-1.9081788
0;102855;-4.224569;10.275913;-0.5638345
0;102918;-3.5817258;10.515334;0.20949265
0;102978;-3.0250738;9.715671;-1.0534488
0;103040;-1.1168951;8.9279785;-0.21667525
0;103101;0.19871874;8.535329;0.4357447
0;103164;1.0654198;8.416816;0.724246
0;103224;0.7422025;8.713697;0.08020575
0;103286;0.92176765;8.89446;0.06584055
0;103347;2.184709;9.720459;0.10055647
0;103407;3.4272997;10.104729;0.94930094
0;103470;3.702633;9.259575;0.92416185
0;103530;-2.0518308;11.670536;0.58897364
0;103587;2.4672248;10.0269165;0.6560113
0;103651;-2.7880478;8.001422;-1.0259154
0;103709;0.08259996;9.828198;-1.8375498
0;103771;-2.36188;9.454702;-3.7936125
0;103830;-1.2904748;9.300277;-1.9668367
0;103891;-1.2318168;9.683349;-2.1392193
0;103956;-2.944868;8.674192;-3.4440591
0;104019;-1.8315643;9.64145;-2.005144
0;104080;-1.7142484;8.9363575;-1.2042835
0;104140;-2.8215668;9.67856;-1.8028339
0;104200;-2.4361002;9.627085;-2.1176715
0;104263;-3.1244333;9.43914;-3.1902738
0;104325;-3.3782187;8.6095495;-1.9177556
0;104386;-3.4524388;10.198102;-2.9939492
0;104447;-3.526659;10.023325;-2.2385786
0;104510;-3.6116533;9.2308445;0.003591303
0;104571;-3.4811692;9.351752;1.4089876
0;104631;-4.435259;9.222465;-1.8686744
0;104691;-4.4939165;9.631873;0.4333505
0;104750;-4.724957;10.214862;-0.6931214
0;104813;-3.441665;9.662998;-1.7262194
0;104874;-1.827973;9.506178;-0.7781156
0;104935;0.075417355;9.113529;0.1400608
0;104995;0.23822308;9.531317;0.34715924
0;105057;-0.18914193;9.016563;0.2753332
0;105117;0.2657564;8.455123;-0.24899697
0;105179;2.2625206;9.339781;0.108936176
0;105241;2.1380222;8.66701;1.0295067
0;105303;2.7222073;9.388862;0.6596026
0;105365;1.5370775;10.042479;0.20829555
0;105427;2.1140802;13.198037;0.7457938
0;105488;-0.49440265;7.5094137;-0.33638534
0;105548;-1.1767502;10.157401;-1.7681179
0;105610;-2.2421699;9.291897;-2.4229321
0;105671;-1.1216835;9.43076;-1.7274165
0;105732;-2.7988217;10.13705;-3.1866825
0;105792;-2.2768857;8.663419;-2.5785553
0;105853;-2.8898015;9.610326;-2.4301147
0;105914;-1.2605472;9.578004;-2.778471
0;105970;-1.4784195;9.61272;-2.1787236
0;106033;-2.4265234;9.461885;-2.1619642
0;106096;-2.4157495;9.138668;-1.590947
0;106159;-2.5258827;8.765172;-2.2301989
0;106219;-2.9496565;9.099164;-2.48159
0;106281;-2.4372973;9.668983;-2.042254
0;106342;-2.9257145;9.312247;-1.5993267
0;106403;-3.9001546;9.592369;-3.015497
0;106463;-3.6978445;8.176199;-1.3934253
0;106523;-4.7524905;10.0341;-0.2825158
0;106585;-5.5042696;8.740033;-0.5434838
0;106646;-4.4280763;8.884883;-0.93373865
0;106707;-3.9432502;8.779537;-0.62608373
0;106766;-4.663905;8.862138;-0.9768343
0;106827;-4.775235;9.831789;-0.36750996
0;106890;-3.2094274;10.184934;0.17477672
0;106950;-2.730587;9.811439;-0.7314286
0;107012;-1.1420342;9.980229;0.007182605
0;107073;0.18674773;9.403227;0.21068975
0;107134;0.2837129;8.64666;0.5650316
0;107195;0.8750807;8.474277;-0.12210429
0;107255;1.697489;8.768764;0.002394202
0;107316;1.7669208;8.868123;0.079008654
0;107377;3.204639;9.533711;-0.10414778
0;107437;2.433706;8.7053175;0.36152446
0;107498;-0.08140286;11.739968;-0.33518824
0;107559;4.31914;11.312603;2.5210943
0;107620;-5.4659624;6.349423;-2.505532
0;107680;-0.077811554;10.532093;-2.504335
0;107740;-2.6970682;9.192537;-2.268506
0;107802;-2.148796;9.369708;-2.5151088
0;107864;-3.3650506;9.041702;-3.2225955
0;107925;-1.8028339;9.837775;-2.2601264
0;107986;-1.7465701;9.348161;-1.8782512
0;108047;-2.3654714;9.343372;-3.086126
0;108108;-1.5574282;9.707291;-1.5023615
0;108168;-2.4756045;9.223662;-2.2493525
0;108229;-2.8263552;9.001001;-3.145981
0;108290;-2.7401638;8.811859;-1.8507179
0;108350;-2.743755;9.065644;-1.8411411
0;108410;-3.405752;9.8677025;-2.3894134
0;108473;-4.357447;9.937134;-2.4349031
0;108535;-3.229778;9.448717;0.427365
0;108597;-3.8881836;9.555259;0.15442601
0;108658;-4.8626237;8.955511;-1.6747441
0;108719;-4.721366;9.750386;0.08379706
0;108781;-4.2425256;9.524135;0.007182605
0;108844;-3.870227;10.0987425;-1.2485762
0;108906;-1.4317327;9.907207;-0.50517654
0;108967;-0.35673606;10.155006;0.1328782
0;109027;0.11252748;9.226056;0.8726865
0;109089;-0.039504327;8.759187;-0.21906945
0;109148;-0.16759412;7.9355817;-0.90979666
0;109210;1.0929531;8.512584;0.5554548
0;109270;3.13401;9.910798;1.2126632
0;109331;3.6643257;9.7719345;0.37708676
0;109393;1.8423382;9.095572;0.19273324
0;109454;-0.4429273;9.646238;0.8822633
0;109515;3.7960067;12.667721;1.9752164
0;109577;-2.9017725;6.8581905;-2.1176715
0;109637;-0.15442601;10.04607;-1.9069817
0;109700;-2.3882163;9.858126;-2.7210102
0;109759;-1.4616601;8.826224;-2.0350714
0;109820;-2.2529438;9.896433;-2.1703439
0;109882;-2.384625;9.030929;-2.9101522
0;109942;-1.8806454;9.403227;-2.480393
0;110002;-2.1200657;8.929175;-1.8531121
0;110058;-2.5450363;9.416395;-2.3235726
0;110121;-2.0769699;9.7803135;-1.9045875
0;110182;-2.670732;9.743204;-1.8148049
0;110246;-2.5115175;9.185355;-2.1619642
0;110307;-3.0921116;8.920795;-2.3056161
0;110368;-3.4560301;8.8777;-2.432509
0;110428;-3.3722332;9.659407;-2.7712884
0;110492;-3.9480386;8.514978;-2.1799207
0;110553;-4.2580876;8.856153;-0.6452374
0;110615;-4.8865657;8.7532015;-1.6400281
0;110676;-4.569334;9.621099;-0.4141969
0;110735;-3.1004913;9.655815;0.010773907
0;110797;-4.927267;9.509769;-2.1667526
0;110858;-5.911284;11.224017;-0.4321534
0;110919;-2.4959552;10.358514;0.4261679
0;110980;-2.705448;10.602722;-0.1412579
0;111041;-1.5825673;8.882488;-0.51714754
0;111102;0.02633622;8.738836;-0.25139117
0;111163;1.1049241;7.97748;0.60333884
0;111223;0.50038815;7.0066314;0.003591303
0;111286;2.4229321;10.86369;-0.110133275
0;111348;4.274847;9.41041;0.9876082
0;111410;2.4013844;8.553286;0.320823
0;111472;-1.400608;11.362882;0.7350199
0;111533;3.620033;12.044032;0.8523358
0;111593;-0.25617957;7.8757267;-0.40940848
0;111654;0.33758244;10.279505;-0.78410107
0;111715;-1.9608512;9.239224;-1.3706805
0;111776;-1.7058687;9.056067;-1.8962077
0;111836;-2.991555;9.526528;-4.0138793
0;111896;-1.5933412;9.498995;-2.8203697
0;111957;-2.0266917;9.387665;-1.6041151
0;112019;-2.3116016;9.176975;-2.791639
0;112079;-1.7597382;9.555259;-2.146402
0;112141;-2.086547;9.931149;-2.0614076
0;112204;-2.565387;10.092757;-2.0649989
0;112266;-2.553416;9.414001;-2.3678656
0;112326;-3.095703;8.634688;-2.4911668
0;112388;-3.052607;8.48984;-1.8471266
0;112449;-4.098873;9.355343;-3.181894
0;112510;-3.7684734;9.659407;-2.2972364
0;112571;-4.5166616;8.945934;-0.35075054
0;112632;-6.209362;8.038532;-0.4237737
0;112692;-4.572925;8.544906;-1.6603789
0;112753;-3.4500446;9.765948;-0.2789245
0;112814;-4.1120415;8.974665;-0.81043726
0;112874;-6.183026;10.102334;0.15083471
0;112935;-3.74094;10.158598;-0.6380547
0;112997;-3.2872388;10.516531;-0.7649474
0;113058;-1.7178397;9.873688;-0.17717093
0;113120;-0.49919105;8.918402;0.31244332
0;113182;0.18674773;8.136695;0.31364042
0;113241;0.16519992;8.218098;-0.50637364
0;113304;0.9516952;9.066842;-0.2861071
0;113366;3.3028011;9.894038;0.9528923
0;113427;3.2225955;9.82341;-0.17836803
0;113487;2.372654;8.562862;-0.41180268
0;113549;0.12569559;15.216349;0.93732995
0;113609;0.93254155;7.1251445;0.82480246
0;113670;-1.3335704;8.917204;-2.0027497
0;113730;-3.7361517;9.7958765;-2.8646624
0;113788;-0.5279215;9.02614;-2.1871033
0;113851;-2.4193408;9.77792;-1.745373
0;113914;-2.6048915;8.933964;-3.3028011
0;113977;-1.5143325;9.528923;-2.146402
0;114039;-1.1480197;9.627085;-2.1751323
0;114100;-2.1260512;9.812635;-2.9041667
0;114160;-2.8287494;9.616311;-1.8830396
0;114219;-3.0238767;8.847773;-2.2002714
0;114281;-3.5422213;8.513782;-2.2290018
0;114343;-3.3889925;8.568848;-2.6360161
0;114404;-3.5003228;9.770737;-2.7030537
0;114463;-3.8510735;10.255563;-2.825158
0;114523;-3.8307228;8.328231;-0.35314476
0;114584;-4.283227;9.081207;-0.10654198
0;114645;-3.5984852;9.578004;-1.3611037
0;114707;-4.6722846;9.021352;-1.009156
0;114767;-5.0996494;11.182119;1.0199299
0;114830;-4.024653;10.052056;-1.2150574
0;114893;-3.3985693;10.226832;-1.7465701
0;114954;-0.2813187;9.436746;-0.4357447
0;115015;-0.38187516;8.981848;-0.44532153
0;115077;-0.142455;8.069656;0.39743748
0;115137;0.9564836;7.763199;-0.10654198
0;115197;1.7944542;8.822633;0.5267244
0;115258;3.738546;10.1621895;-0.010773907
0;115319;3.25372;9.251195;0.17836803
0;115378;1.2749124;9.352949;-0.25019407
0;115438;-0.56982;12.506113;-0.130484
0;115499;3.490746;10.371682;2.3594859
0;115560;-2.7102363;6.4667387;-1.7788919
0;115621;-1.8818425;10.765528;-2.2385786
0;115683;-0.5758055;9.346964;-1.578976
0;115743;-1.5119383;9.742006;-2.907758
0;115806;-2.219425;9.414001;-3.264494
0;115866;-2.1930888;9.120711;-2.7593174
0;115927;-2.0721815;9.66659;-2.3295584
0;115987;-1.9835961;9.330204;-2.2337902
0;116048;-2.0638018;9.894038;-2.0518308
0;116109;-2.4971523;9.200917;-1.863886
0;116170;-2.3786395;9.294291;-2.1152773
0;116230;-2.9508536;8.847773;-2.6060886
0;116292;-3.0897174;8.53054;-2.256535
0;116353;-3.4512417;10.133459;-3.3794158
0;116415;-3.608062;9.089587;-1.1791444
0;116476;-4.10845;8.775947;-1.0773908
0;116538;-4.9284644;8.486248;-1.5873557
0;116599;-4.644751;9.053674;-0.8702923
0;116661;-4.52145;9.028535;-1.2808979
0;116721;-3.892972;9.472659;-0.45729253
0;116785;-3.551798;10.089166;0.24301147
0;116845;-3.441665;11.139024;-0.51714754
0;116907;-1.9500773;10.571598;-1.1444284
0;116967;-2.055422;10.207679;-1.5957354
0;117029;-0.6943185;8.810662;-0.15322891
0;117088;0.533907;8.418014;0.664391
0;117148;0.44532153;7.0712748;0.7170634
0;117207;0.8882488;8.119935;0.21547815
0;117269;2.6024973;10.200497;-0.14604631
0;117332;4.5980644;10.746374;1.033098
0;117395;2.8658595;9.4295635;0.92057055
0;117456;-0.10295067;12.146982;0.2621651
0;117519;2.3750482;7.9870567;1.9476831
0;117580;-1.7525556;8.713697;-1.4676456
0;117640;-0.7410054;9.400833;-1.270124
0;117702;-1.2258313;9.599552;-1.7381904
0;117762;-1.1839328;9.370906;-2.3319526
0;117823;-0.35553896;9.996989;-2.2409728
0;117884;-1.4185646;8.579621;-2.4049757
0;117945;-1.6915035;9.562442;-2.529474
0;118005;-1.4197617;9.617508;-2.5103204
0;118065;-1.1085154;9.822212;-1.3096284
0;118127;-2.2290018;9.2069025;-1.9907787
0;118188;-2.4756045;9.779117;-1.9009962
0;118247;-2.80361;9.27394;-2.4301147
0;118311;-2.6839;9.107543;-2.790442
0;118373;-3.632004;9.271546;-2.5462334
0;118434;-4.35625;10.245986;-3.301604
0;118491;-3.4464533;9.010578;-0.78050977
0;118551;-3.8163576;8.255207;-0.5303157
0;118614;-4.617218;8.793902;-1.4748282
0;118676;-4.8219223;9.991004;-1.6579847
0;118735;-4.143166;8.668207;-0.34117374
0;118798;-4.24492;11.558009;0.8367735
0;118858;-3.9731777;10.25676;-0.94810385
0;118920;-2.585738;10.080787;-0.34596214
0;118981;-0.5602432;10.084377;-0.25737667
0;119044;-0.08619126;9.548077;-0.5291186
0;119105;-0.23702596;8.1642275;0.51834464
0;119167;0.23343466;7.668628;0.10414778
0;119228;0.92655605;8.109161;0.11252748
0;119292;2.742558;10.195708;0.557849
0;119353;3.5877113;10.534488;0.2717419
0;119414;2.4241292;9.121908;0.020350715
0;119475;-0.48722005;13.141773;0.40222588
0;119535;2.9867666;8.537724;2.5474305
0;119596;-2.4660277;7.487866;-1.8435353
0;119657;-0.17836803;10.365696;-1.6376339
0;119717;-1.6723499;9.334992;-2.0470424
0;119779;-0.7613561;9.500193;-1.9907787
0;119840;-2.0626047;9.970653;-2.633622
0;119901;-1.483208;9.006987;-2.3630772
0;119962;-1.8890251;9.698911;-2.1068976
0;120024;-1.9237411;9.324219;-3.064578
0;120085;-1.5861586;9.564836;-2.4061728
0;120146;-1.5897499;9.611523;-2.304419
0;120208;-1.6436194;9.516952;-2.1164744
0;120269;-2.1990743;9.077616;-2.5617957
0;120330;-2.741361;8.737639;-2.1918917
0;120393;-2.421735;9.056067;-2.3989902
0;120455;-3.1962593;9.958682;-3.916914
0;120515;-4.027047;8.443152;-1.70946
0;120575;-3.9588125;9.021352;-0.93972415
0;120637;-4.9787426;8.665813;-2.3080103
0;120697;-4.1479545;9.234436;-0.34596214
0;120757;-3.6487634;9.251195;-1.1180922
0;120817;-3.5793316;9.301474;-0.6572084
0;120878;-4.1695023;10.66138;-0.92296475
0;120940;-2.8383262;10.720038;-0.439336
0;121003;-2.7605145;10.992977;-0.85473
0;121065;-1.4329298;9.727641;-1.436521
0;121126;-0.39025488;8.730456;0.36990416
0;121189;0.82001406;8.019379;1.1085154
0;121247;0.39743748;7.321469;0.36631286
0;121310;1.2868834;8.37013;-0.24301147
0;121373;3.1902738;10.096349;-0.1436521
0;121435;4.6950297;10.631453;1.3180081
0;121495;2.493561;9.103952;0.439336
0;121556;2.3546975;11.962628;0.21667525
0;121617;0.92895025;8.180987;0.36032736
0;121674;-1.3144168;9.277532;-2.0326772
0;121738;-1.2856863;9.609129;-0.9504981
0;121798;-1.1599907;9.374496;-1.9680338
0;121858;-2.3092074;9.744401;-3.276465
0;121919;-0.521936;10.004171;-2.2625206
0;121981;-1.6256629;9.148245;-2.2601264
0;122044;-2.3918076;9.202114;-2.6683378
0;122105;-1.9835961;9.411607;-1.7645266
0;122166;-1.5310919;9.673772;-2.3535004
0;122226;-2.7377696;9.136273;-2.4169466
0;122289;-2.4025815;9.391256;-2.1559787
0;122350;-2.4265234;8.9279785;-2.565387
0;122409;-3.1004913;9.346964;-3.1986535
0;122469;-3.2992098;9.935937;-2.5941176
0;122529;-3.9564183;9.665392;-1.5023615
0;122584;-3.9588125;8.682572;-0.8810662
0;122645;-4.2281604;8.470686;-1.3694834
0;122706;-3.5075054;9.249998;-0.93014735
0;122767;-3.5230677;10.038888;-1.1145009
0;122833;-3.357868;9.472659;-0.33039984
0;122895;-3.7002387;10.924743;-0.5446809
0;122957;-2.1308396;10.600328;-0.90740246
0;123012;-2.6396074;10.370484;-1.0929531
0;123080;-0.9744401;9.284714;-0.5231331
0;123140;0.59017074;9.020155;0.6751649
0;123201;1.3036429;7.833828;1.6867151
0;123260;1.1324574;7.606379;0.5410896
0;123323;1.6519991;8.12592;-0.32202014
0;123383;4.0653543;11.168951;0.33997664
0;123445;4.261679;9.609129;1.0737995
0;123506;-0.17118542;10.381259;0.34955344
0;123566;4.4903255;11.306618;2.0817583
0;123628;-0.46088383;8.213309;-1.0869676
0;123689;0.037110128;9.591172;-2.9029696
0;123749;-1.3575124;9.446322;-0.9983821
0;123811;-1.7238252;9.690532;-1.4425066
0;123872;-0.9648633;9.671378;-3.763685
0;123934;-1.3299791;9.078813;-2.2026656
0;123994;-1.4041992;9.546879;-2.504335
0;124055;-1.4030021;9.121908;-2.327164
0;124115;-1.5729905;9.640253;-1.8327614
0;124176;-1.7118542;9.57561;-2.171541
0;124236;-2.1703439;9.251195;-2.0482395
0;124297;-2.6060886;10.146626;-2.5127146
0;124360;-2.5462334;9.099164;-2.1918917
0;124420;-3.5649664;8.775947;-3.0681696
0;124483;-3.4117374;9.166202;-3.3997664
0;124545;-3.6834793;8.732851;-1.6472107
0;124602;-4.301183;8.9363575;-1.2868834
0;124663;-4.110844;8.852561;-1.423353
0;124726;-3.807978;9.471462;-0.89662856
0;124787;-3.323152;9.872491;-0.50637364
0;124848;-3.1914709;9.351752;-0.90021986
0;124908;-3.8510735;10.913968;-0.8343793
0;124968;-3.9863458;11.075577;-0.581791
0;125030;-1.9883845;10.562021;-0.36391866
0;125089;-1.8112136;9.91798;-0.8595184
0;125150;-0.35075054;8.535329;0.36750996
0;125212;0.81402856;8.261193;0.7350199
0;125274;1.0319009;7.789535;0.35913026
0;125337;1.7058687;8.335413;0.18315643
0;125398;3.5314474;9.267955;0.33638534
0;125459;3.6056678;10.623073;0.2813187
0;125520;2.9173348;9.25359;0.5398925
0;125580;-0.7266402;12.006922;1.7298107
0;125641;3.2453403;8.602366;2.3439236
0;125703;-2.3439236;8.853758;-2.492364
0;125764;-0.4177882;8.702923;-1.8914193
0;125824;-2.0733786;10.113108;-2.6324248
0;125885;-1.0067618;9.029732;-1.7393875
0;125946;-1.9500773;10.195708;-2.4959552
0;126007;-1.6687586;8.832211;-2.4169466
0;126067;-2.067393;9.332599;-2.420538
0;126130;-1.7274165;9.210494;-2.7808652
0;126191;-1.5490485;10.004171;-2.0446482
0;126250;-1.8626889;9.8042555;-2.3223755
0;126313;-1.9740193;9.862914;-2.12246
0;126374;-2.5187001;8.682572;-2.360683
0;126434;-3.4332852;8.512584;-3.2381577
0;126495;-3.192668;8.773552;-2.5330653
0;126556;-3.751714;10.455479;-3.405752
0;126616;-3.6846764;9.433155;-1.3611037
0;126677;-4.8015714;8.311471;-0.8619126
0;126738;-4.748899;8.177396;-0.52073884
0;126800;-5.3474493;9.255983;-3.0346506
0;126860;-3.9707835;9.2308445;-1.0127473
0;126922;-3.3291376;9.55885;0.12569559
0;126984;-5.1810527;10.935516;-0.7194576
0;127046;-3.345897;10.662578;-1.1899183
0;127106;-2.4624364;11.101913;-0.37349546
0;127168;-1.0139444;9.613917;0.21667525
0;127226;0.29807812;9.090784;-0.25737667
0;127290;0.5518635;8.128315;0.6560113
0;127349;0.6679823;7.3226657;0.36032736
0;127409;1.079785;7.5082164;-0.008379706
0;127470;2.7617116;10.366894;0.40581718
0;127531;4.4328647;10.611102;0.7398083
0;127591;3.1112652;10.304645;0.21787235
0;127652;-1.2677298;12.156559;0.25019407
0;127708;3.6511576;9.767146;1.2042835
0;127774;-1.9141643;8.523358;-1.2425907
0;127837;-0.001197101;9.619903;-0.47046062
0;127899;-1.2389994;9.149442;-2.1871033
0;127960;-0.9720459;9.209297;-1.5837644
0;128020;-2.9999347;9.519346;-2.9053638
0;128080;-1.4197617;9.465476;-3.8139634
0;128141;-2.1499932;9.751583;-2.0530279
0;128203;-1.8686744;9.173384;-2.8646624
0;128263;-2.2697031;9.370906;-2.5139117
0;128324;-2.0494366;9.552865;-2.2242134
0;128384;-2.825158;9.082404;-1.99437
0;128445;-2.7665;9.099164;-2.553416
0;128507;-2.6443958;9.115923;-2.098518
0;128568;-2.8538885;9.011775;-2.6120741
0;128631;-3.3039982;9.041702;-2.9460652
0;128691;-4.709395;10.492589;-3.1830912
0;128752;-3.2094274;9.174581;-0.6488287
0;128815;-4.119224;8.565256;-0.14724341
0;128877;-3.6870706;8.874108;-1.0307038
0;128940;-4.855441;9.507375;-2.4289176
0;128998;-3.679888;9.498995;-0.08738836
0;129059;-4.830302;11.109096;-0.23942018
0;129114;-2.6060886;10.328587;-1.6232687
0;129175;-1.5861586;10.359711;-0.521936
0;129240;-0.49081135;9.569624;-0.061052144
0;129300;0.50757074;8.742428;-0.095768064
0;129361;0.34237084;7.9188223;0.19393034
0;129423;1.1923125;7.839813;-0.08020575
0;129484;1.1587936;8.47308;0.09935937
0;129547;2.8119898;10.502166;0.4261679
0;129611;3.2620997;10.378864;-0.25378537
0;129671;2.553416;8.698134;0.073023155
0;129732;1.4329298;13.90313;0.1592144
0;129795;1.5179238;7.3765354;0.37349546
0;129857;-1.3251907;9.871294;-1.5945383
0;129917;-1.9931729;9.503783;-1.115698
0;129978;-0.842759;9.671378;-2.2744915
0;130038;-3.6619315;9.027337;-3.028665
0;130100;-1.30484;9.606734;-3.3075895
0;130159;-1.5753847;9.150639;-2.1320367
0;130218;-2.0374656;9.442732;-2.6204538
0;130280;-1.9788077;9.625888;-2.0805612
0;130343;-2.0805612;9.299079;-1.8806454
0;130404;-2.6862943;9.1829605;-2.846706
0;130466;-2.8550856;8.775947;-2.504335
0;130528;-2.4660277;9.173384;-2.6767175
0;130589;-3.2501287;9.118318;-2.2110453
0;130650;-2.823961;9.2547865;-2.337938
0;130711;-3.667917;9.157822;-3.2585084
0;130771;-4.283227;9.276335;-2.8419175
0;130832;-3.9851487;8.986636;-0.33039984
0;130894;-4.284424;8.826224;-1.1994951
0;130954;-3.265691;9.39365;-1.2916719
0;131014;-3.977966;9.830592;-0.7565677
0;131076;-4.0533834;10.000581;-0.82240826
0;131136;-4.6519337;11.408371;-1.5131354
0;131196;-1.8207904;10.244789;-1.0043676
0;131257;-2.0350714;9.93474;-1.3994108
0;131319;-0.7517793;8.848969;-0.5662287
0;131380;1.2437878;8.817844;0.31483752
0;131442;0.91338795;7.8302364;0.94930094
0;131503;0.7302315;7.8757267;0.5422867
0;131565;1.2641385;9.5732155;-0.4381389
0;131625;3.1854854;10.110714;0.4369418
0;131683;2.967613;10.404003;0.075417355
0;131745;1.9273324;9.998186;0.3196259
0;131807;2.4744074;12.586318;0.6871359
0;131867;0.91219085;7.339425;-0.7290344
0;131929;-1.3072342;9.877279;-0.40222588
0;131990;-1.2689269;9.588778;-0.7015011
0;132051;-1.5358804;9.115923;-2.6994624
0;132114;-2.858677;9.876082;-2.885013
0;132175;-1.377863;9.637859;-3.3159695
0;132236;-1.4975731;9.352949;-2.5103204
0;132298;-1.7669208;9.7958765;-2.4983494
0;132359;-1.9141643;9.113529;-2.6180596
0;132421;-2.2278047;9.408015;-1.958457
0;132483;-2.372654;9.560047;-2.5390508
0;132544;-1.9285295;9.224859;-1.8974048
0;132604;-3.3375173;8.540117;-2.2385786
0;132665;-2.5019407;9.275137;-3.1914709
0;132724;-2.4791958;9.287108;-2.5701754
0;132786;-3.5805287;9.956287;-3.4404678
0;132847;-3.2716765;8.734048;-1.8579005
0;132908;-3.8402996;9.349358;-0.48602295
0;132969;-3.466804;9.238028;-0.748188
0;133030;-4.0641575;9.599552;-3.5206735
0;133092;-4.084508;8.810662;-0.61650693
0;133155;-4.4759603;10.478224;-1.0857705
0;133215;-2.2278047;10.465055;0.2681506
0;133277;-2.7569232;10.351331;-0.6440403
0;133340;-1.2725182;9.351752;-1.4939818
0;133401;-0.06344634;8.979453;-0.533907
0;133463;0.89662856;7.855376;0.8834604
0;133525;0.89184016;7.991845;-0.11372458
0;133586;1.9596541;10.022128;-0.14963761
0;133646;3.5482068;10.005369;-0.14604631
0;133706;3.0059202;9.184157;-0.5793968
0;133765;1.9357121;8.354567;-0.4333505
0;133827;-0.008379706;14.250289;0.29688102
0;133887;3.2489316;9.124303;2.0003555
0;133947;-0.93613285;7.8050976;-2.124854
0;134009;-1.1839328;10.295067;-0.8798691
0;134070;-0.15801731;8.716091;-1.4281414
0;134132;-1.3227965;9.794679;-2.6300306
0;134193;-1.7812861;9.275137;-2.814384
0;134253;-2.2278047;9.208099;-3.1711202
0;134314;-1.9261353;9.325416;-2.9879637
0;134375;-1.4305356;9.659407;-2.8299465
0;134436;-1.9261353;9.5732155;-2.3139958
0;134497;-2.207454;9.570822;-2.1883004
0;134558;-2.8323407;9.248801;-1.9333179
0;134619;-2.517503;9.332599;-2.0398598
0;134679;-2.6013002;9.13388;-2.4492683
0;134739;-2.9293058;8.865729;-2.8407204
0;134800;-3.4368765;9.178172;-2.835932
0;134862;-3.8379054;9.927557;-3.4129345
0;134924;-4.068946;8.237251;-1.3012487
0;134986;-4.7321396;9.332599;-0.8355764
0;135048;-4.2784386;9.109938;-1.7154455
0;135109;-3.7696705;9.731233;-0.8415619
0;135169;-3.074155;9.673772;-0.9744401
0;135230;-3.526659;10.183737;0.02873042
0;135290;-4.6830587;11.048044;-0.90141696
0;135351;-2.098518;10.411186;-1.7824832
0;135411;-1.5227122;9.715671;-1.1803415
0;135472;-0.80924016;8.756793;-0.25617957
0;135533;0.8475474;8.192958;0.39025488
0;135595;1.3467385;7.9966335;0.94930094
0;135655;1.2042835;8.358158;0.1316811
0;135717;1.8674773;9.166202;0.17477672
0;135779;3.1040826;10.785878;0.5614403
0;135839;3.7660792;10.16578;0.7733272
0;135900;0.25737667;11.498154;0.1364695
0;135960;2.6024973;11.097125;1.1288661
0;136016;-1.1827357;6.9467764;-2.2002714
0;136078;-1.1647792;10.292673;-0.7074866
0;136140;-0.521936;9.488221;-2.492364
0;136203;-1.5251064;9.069236;-3.3171666
0;136263;-2.3068132;10.085575;-1.8698715
0;136325;-0.8655039;8.7951;-3.4919431
0;136387;-2.1511903;9.580399;-2.0961237
0;136449;-1.6603789;9.196129;-2.7102363
0;136510;-2.3750482;9.238028;-2.0027497
0;136572;-1.4089876;9.868899;-1.7705121
0;136633;-2.801216;9.057265;-2.7832594
0;136695;-2.3594859;9.494206;-2.2649148
0;136755;-2.8048072;9.113529;-2.504335
0;136816;-2.9747956;9.069236;-2.9879637
0;136877;-2.7006595;9.473856;-2.8898015
0;136938;-3.7732618;9.337387;-3.157952
0;136998;-3.9324763;9.380483;-1.9428947
0;137059;-3.2992098;8.639477;-0.93493575
0;137119;-4.259285;9.569624;-1.6543933
0;137179;-3.4763808;9.770737;-0.81761986
0;137240;-3.6846764;9.544485;-0.51116204
0;137301;-3.8067808;10.134656;-0.45609543
0;137364;-4.274847;11.166556;-0.59495914
0;137426;-1.9488802;10.228029;-1.4425066
0;137487;-1.3060371;9.354146;-1.2425907
0;137550;3.228581;7.4375877;1.9093759
0;137611;-0.9552865;8.821436;-1.2210429
0;137672;2.4756045;12.008119;0.095768064
0;137731;2.1021092;7.8146744;-0.60932434
0;137794;2.067393;9.00579;0.8607155
0;137855;3.2872388;7.8996687;-0.08140286
0;137916;3.1352072;8.856153;0.48123455
0;137977;3.3087866;8.437167;0.075417355
0;138038;1.7741034;8.243237;0.41180268
0;138098;2.0494366;8.967483;1.2916719
0;138159;4.2425256;10.527305;1.1552023
0;138219;1.9057846;7.097611;-0.046686932
0;138280;2.136825;6.841431;0.39743748
0;138341;7.7224975;20.894197;1.5215151
0;138401;-1.2605472;5.345055;-0.6835446
0;138463;-0.641646;10.359711;-2.0338743
0;138524;-0.7290344;9.813833;-1.3227965
0;138585;0.58897364;9.378088;-1.7202339
0;138646;-1.484405;9.737218;-2.9759927
0;138706;-0.94690675;8.995016;-1.423353
0;138767;-1.0402806;10.081984;-2.48159
0;138827;-1.9141643;9.43076;-3.6978445
0;138888;-0.8331822;9.668983;-1.99437
0;138950;-1.2904748;9.384073;-2.087744
0;139012;-1.9955671;9.618706;-2.1631613
0;139074;-1.8052281;9.307459;-2.086547
0;139136;-1.6089035;9.522937;-2.421735
0;139198;-2.0853498;9.581595;-2.7688942
0;139259;-2.5270798;9.062054;-2.5833437
0;139321;-2.006341;9.605537;-2.2888567
0;139384;-1.9393034;9.224859;-2.7641058
0;139444;-2.4289176;8.785523;-3.2249897
0;139505;-2.2529438;9.506178;-2.1080947
0;139565;-2.3068132;9.211691;-2.6839
0;139627;-2.7341783;9.045294;-2.5594015
0;139687;-2.7509377;9.424775;-2.134431
0;139747;-2.6599581;9.270349;-2.3654714
0;139809;-2.3223755;8.688558;-2.6443958
0;139871;-3.2824504;9.312247;-2.597709
0;139927;-3.4931402;9.112331;-1.9752164
0;139990;-3.1914709;10.02572;-2.7018566
0;140052;-3.526659;9.148245;-2.2852654
0;140115;-3.927688;8.02297;-1.3611037
0;140178;-5.0745106;8.9124155;-3.1016884
0;140240;-5.0182467;8.6574335;-1.0989386
0;140301;-5.3342814;8.2995;-1.3443443
0;140363;-4.993108;8.100781;-1.5275006
0;140424;-5.121197;9.121908;-0.7254431
0;140484;-3.857059;9.586384;0.073023155
0;140545;-2.6671407;9.92636;0.50278234
0;140605;-4.4843397;10.07121;-0.3878607
0;140666;-4.6244006;10.081984;-0.47046062
0;140726;-1.7621324;10.299856;-2.1140802
0;140786;-1.9835961;9.7240505;-1.115698
0;140848;-0.91458505;9.473856;-0.12808979
0;140909;0.50757074;9.01417;0.40581718
0;140970;0.4357447;8.752005;0.11611878
0;141031;0.23104046;8.706514;-0.14963761
0;141094;0.5363012;10.41358;0.36750996
0;141155;2.96881;9.119514;0.79726917
0;141215;-0.5686229;8.286332;0.045489833
0;141275;1.7465701;9.903615;0.027533319
0;141336;2.5450363;9.263166;0.60932434
0;141396;-0.24420857;11.894394;-0.16280572
0;141457;2.6539726;10.978612;-0.10175357
0;141517;-2.3139958;7.860164;-1.4748282
0;141577;0.6619968;9.9790325;-1.8291701
0;141638;-1.7477672;9.621099;-1.5981296
0;141699;-0.7230489;9.528923;-1.5993267
0;141760;-1.7154455;9.423578;-2.8443117
0;141825;-1.8938135;9.149442;-3.145981
0;141888;-2.3199813;9.519346;-2.7581203
0;141948;-1.2689269;9.892841;-2.2780828
0;142009;-1.412579;9.736021;-2.3139958
0;142068;-2.086547;9.369708;-2.7329812
0;142129;-2.2278047;9.40203;-2.1787236
0;142190;-2.4648306;9.448717;-2.0326772
0;142248;-2.3702598;9.5385;-2.5151088
0;142310;-2.5031378;9.374496;-2.397793
0;142370;-1.7489643;9.498995;-1.7262194
0;142431;-1.8243817;8.825027;-1.115698
0;142493;-2.480393;9.13388;-2.1296425
0;142555;-2.4013844;8.158242;-2.408567
0;142616;-3.21661;8.76996;-2.088941
0;142677;-6.1112;9.113529;-3.8367083
0;142736;-3.726575;10.320207;-1.3742718
0;142798;-4.0066967;8.433576;1.2354081
0;142860;-6.5708866;8.608353;-0.044292733
0;142920;-5.368997;7.645883;0.6548142
0;142980;-5.1523223;8.5473;-0.035913024
0;143040;-4.972757;9.537302;-0.19033903
0;143100;-3.5577838;8.597578;0.22385786
0;143161;-4.158728;8.945934;-0.110133275
0;143221;-2.4073699;9.161413;0.93613285
0;143285;-1.9931729;10.023325;1.2378023
0;143346;-2.8790276;9.913192;-0.28491
0;143407;-1.6531962;8.243237;0.30765492
0;143468;-1.3000516;10.03769;0.23104046
0;143527;-1.021127;10.291476;1.0271125
0;143586;-0.79846627;9.662998;1.033098
0;143648;-1.2018893;9.308656;0.25617957
0;143708;-0.830788;9.054871;-0.19153613
0;143770;0.32920274;9.2308445;2.2337902
0;143830;-2.6384103;10.576386;2.7485435
0;143891;-1.6867151;9.700109;0.78290397
0;143953;-1.8974048;10.933122;0.1340753
0;144015;-0.760159;9.520543;0.8463503
0;144076;-3.1184478;8.480263;-0.3184288
0;144138;-3.9492357;9.7479925;-5.234922
0;144198;-1.2306197;9.803059;-2.9388826
0;144258;-1.6077064;9.267955;-1.210269
0;144319;-1.9309237;9.048885;-1.7681179
0;144380;-1.5107412;9.561244;-1.0043676
0;144440;-0.20231004;9.5385;-0.24540567
0;144500;-1.3802572;9.179369;-0.79367787
0;144561;-1.186327;8.9758625;-1.1875241
0;144621;-1.7633295;8.871715;-0.49320555
0;144684;-2.0566192;9.326612;-1.1204864
0;144745;-4.510676;7.1861963;-0.7445967
0;144808;-4.4184995;6.766014;-0.18674773
0;144869;0.7026982;8.981848;5.398925
0;144931;-10.004171;18.072632;-5.483919
0;144994;-11.637017;11.775881;5.625177
0;145056;-4.972757;10.104729;7.1969705
0;145118;-2.5845408;6.066907;2.1284454
0;145180;-2.5486276;7.0221934;3.064578
0;145239;-2.801216;9.263166;-0.92296475
0;145301;-3.0909145;11.168951;2.1188686
0;145361;-4.213795;11.445481;2.4744074
0;145421;-3.1387985;9.118318;1.8291701
0;145481;-3.0801406;7.0904284;0.70509243
0;145542;-2.0482395;6.8246717;1.4987702
0;145603;-0.2765303;7.8062944;0.44891283
0;145664;0.47046062;8.194156;2.0207062
0;145724;1.1683705;10.298658;0.034715924
0;145787;2.9712043;10.96305;-2.148796
0;145849;3.8007953;11.565191;1.3838485
0;145911;4.7548847;10.149021;2.705448
0;145973;2.2541409;8.015787;1.316811
0;146031;-0.90021986;22.614431;0.52073884
0;146092;-1.7633295;6.1040173;-1.3072342
0;146155;-2.2900538;8.767567;-8.6095495
0;146217;-1.8459295;10.31901;1.3706805
0;146278;-0.47884035;8.708909;-0.6380547
0;146337;0.5793968;10.38485;-3.6822822
0;146397;-0.5602432;9.099164;-1.8028339
0;146459;-0.49679685;9.485827;-0.5398925
0;146520;-2.2840683;9.1350765;-1.8662802
0;146581;-1.447295;8.90643;-3.7373488
0;146643;-2.1176715;8.765172;-3.879804
0;146706;-3.1064768;8.851364;-1.7872716
0;146768;-4.7548847;10.1861315;-2.3702598
0;146828;-3.8738184;11.075577;-2.930503
0;146890;-4.0162735;9.208099;-0.7529764
0;146951;-4.1706996;8.032547;-0.15682021
0;147013;-3.6715083;8.78672;-0.5793968
0;147074;-3.8283286;9.616311;0.7469909
0;147135;-3.6715083;10.407595;0.60693014
0;147197;-5.329493;9.660604;-0.2825158
0;147256;-2.6731262;9.408015;-0.91817635
0;147316;-1.4257472;9.774328;-0.7493851
0;147377;-1.1959038;8.895657;-0.6392518
0;147438;-1.1240777;9.124303;-0.022744916
0;147498;-0.40821138;10.268731;0.14604631
0;147560;1.7657237;9.797073;1.4341269
0;147621;2.1823149;9.563639;2.0949266
0;147683;-0.1436521;9.324219;0.20470424
0;147742;0.12090719;8.967483;0.9828198
0;147804;0.91817635;9.118318;1.638831
0;147865;1.1767502;9.416395;1.8650831
0;147926;1.0618285;9.442732;1.5298948
0;147987;2.6443958;11.038467;3.1040826
0;148048;3.6966474;10.286688;1.447295
0;148108;-4.947618;5.878962;-0.30645782
0;148169;-0.010773907;11.555614;-5.791574
0;148227;0.5267244;9.024943;0.7517793
0;148290;-0.46088383;10.269928;-1.5622166
0;148352;-0.7661445;9.496601;-1.2629414
0;148414;-0.8319851;9.556456;-1.2162545
0;148475;-1.6352397;9.532514;-3.1531637
0;148537;-0.52073884;9.794679;-0.8762778
0;148599;-1.3706805;9.676167;-2.1392193
0;148660;-0.93852705;9.691729;-2.2014685
0;148719;-1.352724;9.734824;-1.6747441
0;148783;-1.4784195;9.570822;-1.2569559
0;148842;-1.3994108;9.781511;-1.2401965
0;148904;-1.4257472;9.57561;-0.7266402
0;148965;-1.1456255;9.896433;-0.9959879
0;149026;-1.3599066;9.7563715;-1.0342951
0;149087;-1.3599066;9.752781;-0.6871359
0;149148;-1.447295;9.740809;-1.0283096
0;149209;-1.6663644;9.689334;-1.2126632
0;149267;-1.6699557;9.655815;-0.6560113
0;149328;-1.6675615;9.690532;-0.830788
0;149394;-1.6005238;9.718064;-0.90859956
0;149456;-1.3623008;9.78989;-0.79966336
0;149517;-1.6172832;9.64983;-1.067814
0;149578;-1.6579847;9.674969;-0.89184016
0;149640;-1.4891934;9.722853;-0.90500826
0;149700;-1.5382746;9.713276;-1.0067618
0;149761;-1.6220716;9.692925;-0.961272
0;149822;-1.4927847;9.727641;-1.0079589
0;149882;-1.5406688;9.7084875;-0.9600749
0;149943;-1.6531962;9.713276;-0.8607155
0;150002;-1.70946;9.633071;-0.92416185
0;150063;-1.7405846;9.690532;-0.9600749
0;150125;-1.8028339;9.640253;-0.89782566
0;150187;-1.6639702;9.706094;-0.8738836
